Date,Price,Open,High,Low
06/30/22,170.32,166.33,173.76,166.33
06/29/22,166.33,160.3,169.66,160.3
06/28/22,160.3,158.45,162.98,158.45
06/27/22,158.45,158.99,162.31,158.39
06/24/22,158.99,160.16,162.1,158.44
06/23/22,160.16,160.58,161.5,159.91
06/22/22,160.58,162.67,162.67,159.95
06/21/22,162.67,164.12,166.23,161.53
06/20/22,164.12,165.18,165.86,163.85
06/17/22,165.18,167.71,170.03,164.36
06/16/22,167.71,170.58,170.58,166.23
06/15/22,170.58,173.13,173.7,169.77
06/14/22,173.13,174.35,176.33,172.88
06/13/22,174.35,175.71,178.19,173.68
06/10/22,175.71,176.46,180.95,175.71
06/09/22,176.46,176.96,180.78,176.42
06/08/22,176.96,176.7,178.68,176.63
06/07/22,176.7,176.41,178.72,175.82
06/06/22,176.41,176.03,179.05,176.03
06/03/22,176.03,174.97,177.96,174.97
06/02/22,174.97,175.3,177.39,174.88
05/31/22,175.3,175.93,176.67,174.75
05/30/22,175.93,175.56,177.58,175.3
05/27/22,175.56,175.14,176.93,175.14
05/26/22,175.14,173.31,176.88,173.31
05/25/22,173.31,172.35,175.69,172.35
05/24/22,172.35,173.55,174.8,170.98
05/23/22,173.55,177.66,177.89,170.88
05/20/22,177.66,178.75,180.64,176.49
05/19/22,178.75,182.85,183.7,177.07
05/18/22,182.85,186.78,187.33,178.97
05/17/22,186.78,186.05,187.04,185.46
05/16/22,186.05,185.84,187.86,185.25
05/13/22,185.84,189.66,189.78,185.06
05/12/22,189.66,191.41,193.74,187.68
05/11/22,191.41,191.05,193.94,191.05
05/10/22,191.05,192.25,193.59,190.69
05/09/22,192.25,192.03,194.28,191.93
05/06/22,192.03,195.84,196.52,190.53
05/05/22,195.84,198.25,198.51,193.19
05/04/22,198.25,199.05,199.48,195.64
04/28/22,199.05,201.02,201.02,198.07
04/27/22,201.02,203.38,203.67,199.28
04/26/22,203.38,206.85,206.85,200.25
04/25/22,206.85,208.33,211.02,205.99
04/22/22,208.33,210.36,210.96,207.6
04/21/22,210.36,210.73,212.21,209.74
04/20/22,210.73,210.79,212.39,210.05
04/19/22,210.79,212.21,213.08,210.38
04/14/22,212.21,212.23,214.13,211.19
04/13/22,212.23,210.1,213.06,210.1
04/12/22,210.1,208.58,211.61,208.16
04/11/22,208.58,210.62,211.18,207.94
04/08/22,210.62,210.88,211.21,209.95
04/07/22,210.88,211.42,212.33,210.32
04/06/22,211.42,212.58,213.36,210.94
04/05/22,212.58,212.13,213.63,212.1
04/04/22,212.13,210.03,213.85,210.03
04/01/22,210.03,210.29,212.38,208.59
03/31/22,210.29,212.58,212.58,208.89
03/30/22,212.58,213.89,214.26,210.81
03/29/22,213.89,214.09,215.22,213.26
03/28/22,214.09,215.57,215.76,213.08
03/25/22,215.57,214.44,216.41,213.94
03/24/22,214.44,215.24,215.45,213.05
03/23/22,215.24,216.21,216.57,213.42
03/22/22,216.21,214.62,218.63,212.5
03/21/22,214.62,212.47,216.03,212.47
03/18/22,212.47,213.33,215.19,211.43
03/17/22,213.33,215.61,215.61,212.23
03/16/22,215.61,215.31,216.11,213.54
03/15/22,215.31,214.98,218.72,214.12
03/14/22,214.98,214.67,215.67,214.33
03/11/22,214.67,213.59,216.53,213.59
03/10/22,213.59,213.47,215.69,212.35
03/09/22,213.47,216.11,216.33,212.4
03/08/22,216.11,218.54,218.78,213.9
03/07/22,218.54,221.54,221.79,216.49
03/04/22,221.54,220.9,222.76,220.82
03/03/22,220.9,218.43,222.71,218.43
03/02/22,218.43,216.12,219.98,215.82
03/01/22,216.12,216.24,218.1,215.57
02/28/22,216.24,216.6,219.74,215.39
02/25/22,216.6,213.92,219.16,213.92
02/24/22,213.92,220.88,220.88,212.56
02/23/22,220.88,224.19,224.85,217.99
02/22/22,224.19,225.09,225.46,221.54
02/21/22,225.09,224.88,225.71,224.65
02/18/22,224.88,224.35,225.16,223.79
02/17/22,224.35,223.79,225.29,223.79
02/16/22,223.79,222.71,226.23,222.59
02/15/22,222.71,224.92,226.14,221.83
02/14/22,224.92,225.46,226.27,222.9
02/11/22,225.46,226.58,226.58,224.44
02/10/22,226.58,225.19,227.39,225.19
02/09/22,225.19,227.18,227.28,224.17
02/08/22,227.18,225.42,230.07,225.25
02/07/22,225.42,225.74,227.01,224.53
02/04/22,225.74,225.21,227.07,225.15
02/03/22,225.21,224.23,226.56,224.13
02/02/22,224.23,222.72,226.05,222.72
02/01/22,222.72,219.92,223.48,219.92
01/31/22,219.92,217,222.79,217
01/28/22,217,215.63,221.14,215.63
01/27/22,215.63,216.16,218.49,214.87
01/26/22,216.16,218.25,218.54,215.23
01/25/22,218.25,220.62,221.29,217.17
01/24/22,220.62,221.28,221.84,220.06
01/21/22,221.28,221.19,221.71,220.21
01/20/22,221.19,219.16,222.08,219.16
01/19/22,219.16,220.32,220.38,217.81
01/18/22,220.32,220.67,222.04,219.66
01/17/22,220.67,221.14,222.37,220.13
01/14/22,221.14,220.55,221.67,220.35
01/13/22,220.55,222.45,222.81,220.05
01/12/22,222.45,225.18,225.18,221.65
01/11/22,225.18,226.37,226.83,224.25
01/10/22,226.37,230.25,230.25,224.65
01/07/22,230.25,230.1,230.99,227.25
01/06/22,230.1,228.92,231.22,228.83
01/05/22,228.92,227.55,229.82,227.35
01/04/22,227.55,225.2,229.04,225.2
01/03/22,225.2,224.4,227.31,222.06
12/31/21,224.4,222.24,225.49,220.96
12/30/21,222.24,224.85,224.85,220.17
12/29/21,224.85,225.9,226.65,223.06
12/28/21,225.9,227.09,228.32,221.86
12/24/21,227.09,226.23,227.73,225.35
12/23/21,226.23,222.62,227.54,222.62
12/22/21,222.62,220.69,224.1,220.69
12/21/21,220.69,219,221.85,218.82
12/20/21,219,218.11,221.51,218.05
12/17/21,218.11,218.1,219.67,217.41
12/16/21,218.1,217.54,218.7,217.51
12/15/21,217.54,217.2,218.35,215.83
12/14/21,217.2,216.6,217.8,215.85
12/10/21,216.6,213.71,217.54,213.71
12/09/21,213.71,212.43,216.29,212.1
12/08/21,212.43,209.41,213.49,209.41
12/07/21,209.41,210.91,211.86,208.03
12/06/21,210.91,212.33,213.36,209.08
12/03/21,212.33,214.88,215.48,211.81
12/02/21,214.88,216.91,218.3,212.3
12/01/21,216.91,218.59,218.59,216.02
11/30/21,218.59,220.21,220.22,214.98
11/29/21,220.21,220.88,222.35,217.68
11/26/21,220.88,218.07,222.41,218.07
11/25/21,218.07,218.02,220.07,216.76
11/24/21,218.02,220.64,221.9,216.83
11/23/21,220.64,221.93,222.43,217.86
11/22/21,221.93,226.22,226.24,216.17
11/19/21,226.22,227.23,227.94,223.85
11/18/21,227.23,226.84,228.6,226.46
11/17/21,226.84,227.77,228.28,226.04
11/16/21,227.77,227.9,228.89,227.67
11/15/21,227.9,228.95,229.52,227.21
11/12/21,228.95,230.32,230.32,228.2
11/11/21,230.32,230.81,231.69,228.88
11/10/21,230.81,228.8,231.99,228.8
11/09/21,228.8,227.4,230.4,226.88
11/08/21,227.4,227.71,230.3,226.77
11/05/21,227.71,230.19,230.19,225.95
11/04/21,230.19,231.72,231.82,228.83
11/03/21,231.72,231.77,232.45,230.8
11/02/21,231.77,232.48,233.17,231.15
11/01/21,232.48,234.75,234.83,231.58
10/29/21,234.75,234.69,235.05,233.09
10/28/21,234.69,232.64,235.45,232.52
10/27/21,232.64,232.78,233.42,232.25
10/26/21,232.78,233.48,233.8,231.55
10/25/21,233.48,235.84,235.84,232.08
10/22/21,235.84,234.64,236.92,233.14
10/21/21,234.64,233.36,235.83,233.36
10/19/21,233.36,235.67,236.49,233.19
10/18/21,235.67,236.31,236.91,233.45
10/15/21,236.31,234.3,237.7,234.29
10/14/21,234.3,233.43,235.02,230.92
10/13/21,233.43,233.75,234.72,232.81
10/12/21,233.75,233.55,234.44,232.78
10/08/21,233.55,235.43,235.43,233.05
10/07/21,235.43,237.31,237.73,234.31
10/06/21,237.31,237.39,239.23,235.82
10/05/21,237.39,240.78,240.99,237.05
10/04/21,240.78,240.5,243.12,239.67
10/01/21,240.5,237.4,242.7,237.16
09/30/21,237.4,236.06,239.1,235.33
09/29/21,236.06,236.46,238.75,235.06
09/28/21,236.46,237.34,237.56,235.78
09/27/21,237.34,237.1,238.66,236.79
09/24/21,237.1,237.54,238.19,236.24
09/23/21,237.54,237.57,239.71,237.39
09/22/21,237.57,238.26,238.54,236.01
09/21/21,238.26,242.53,243.02,236.77
09/20/21,242.53,243.89,245.58,240.57
09/17/21,243.89,240.33,246.18,240.28
09/16/21,240.33,239.12,241.95,239.12
09/15/21,239.12,239.64,240.78,238.88
09/14/21,239.64,239.9,241.09,239.03
09/13/21,239.9,239.44,241.26,238.27
09/10/21,239.44,238.44,239.8,237.7
09/09/21,238.44,237.01,239.72,237.01
09/08/21,237.01,235.69,237.88,235.69
09/07/21,235.69,236.73,237.2,235.1
09/06/21,236.73,237.97,238.71,235.65
09/03/21,237.97,240.06,240.14,236.35
09/02/21,240.06,242.19,242.19,239.26
09/01/21,242.19,243,243.11,240.57
08/31/21,243,247.01,247.53,241.08
08/30/21,247.01,248.89,249.32,246.28
08/27/21,248.89,248.85,249.46,247.09
08/26/21,248.85,248.08,250.29,247.32
08/25/21,248.08,249.12,249.51,246.75
08/24/21,249.12,248.77,249.86,246.62
08/23/21,248.77,246.93,249.9,246.02
08/20/21,246.93,245.02,248.01,243.49
08/19/21,245.02,247.94,247.94,243.12
08/18/21,247.94,249.3,250.36,245.87
08/17/21,249.3,242.9,250.61,242.9
08/16/21,242.9,240.61,245.54,240.61
08/13/21,240.61,239.91,241.97,239.91
08/12/21,239.91,239.7,240.76,238.94
08/11/21,239.7,239.66,240.11,238.36
08/10/21,239.66,239.72,240.01,238.48
08/09/21,239.72,237.46,241.03,237.08
08/06/21,237.46,234.39,239.16,234.39
08/05/21,234.39,233.78,235.42,233.78
08/04/21,233.78,233.45,234.49,233.13
08/03/21,233.45,234.66,235.01,233.26
08/02/21,234.66,236.02,236.02,233.25
07/30/21,236.02,236.56,237.3,235.27
07/29/21,236.56,234.96,237.25,234.41
07/28/21,234.96,235.25,237.3,233.81
07/27/21,235.25,237.88,237.9,232.52
07/26/21,237.88,236.94,238.37,236.76
07/23/21,236.94,237.08,237.99,235.72
07/22/21,237.08,237.12,237.83,236.19
07/21/21,237.12,237.31,237.78,236.2
07/19/21,237.31,237.37,238.18,235.24
07/16/21,237.37,237.58,238.62,235.82
07/15/21,237.58,234.14,238.93,233.76
07/14/21,234.14,232.72,236.13,232.62
07/13/21,232.72,232.52,234.02,231.29
07/12/21,232.52,234.19,234.9,230.37
07/09/21,234.19,234.5,235.51,233.41
07/08/21,234.5,232.2,235.67,231.89
07/07/21,232.2,230.62,233.12,230.09
07/06/21,230.62,230.33,231.45,230.03
07/05/21,230.33,229.61,230.85,229.54
07/02/21,229.61,230.36,230.77,227.6
07/01/21,230.36,228.91,231.3,227.44
06/30/21,228.91,228.2,230.88,227.06
06/29/21,228.2,228.13,229.53,227.24
06/28/21,228.13,227.76,229.34,226.9
06/25/21,227.76,227.25,229.56,226.8
06/24/21,227.25,228.01,228.34,226.47
06/23/21,228.01,228.87,229.17,227.25
06/22/21,228.87,228.51,229.42,228
06/21/21,228.51,227.86,228.98,226.92
06/18/21,227.86,229.29,230.31,226.81
06/17/21,229.38,229.85,230.05,225.08
06/16/21,229.85,228.88,230.53,228.12
06/15/21,228.88,228.57,230.06,227.68
06/14/21,228.57,228.15,229.29,227.64
06/11/21,228.15,228.31,229.89,227.49
06/10/21,228.31,227.64,229.6,227.33
06/09/21,227.64,227.11,229,227.11
06/08/21,227.11,225.24,228.41,225.24
06/07/21,225.24,225.02,226.65,224.66
06/04/21,225.02,225.95,226.7,223.69
06/03/21,225.95,226.32,228.58,224.35
06/02/21,226.32,224.64,228.23,223.36
05/31/21,224.64,227.66,227.66,222.47
05/28/21,227.66,223.61,228.83,222.56
05/27/21,223.61,227.75,228.38,220.73
05/26/21,227.75,228.9,228.9,226.25
05/25/21,228.9,226.12,229.88,226.12
05/24/21,226.12,218.26,228.92,218.26
05/21/21,218.26,215.95,220.28,215.95
05/20/21,215.95,213.32,217.35,213.32
05/19/21,213.32,214.71,215.76,213.14
05/18/21,214.71,216.51,216.51,213.3
05/17/21,216.51,218.34,218.46,215.96
05/13/21,218.34,219.85,219.85,217.12
05/12/21,219.85,221.91,221.91,218.24
05/11/21,221.91,222.36,222.78,220.26
05/10/21,222.36,221.74,223.11,221.28
05/07/21,221.74,220.77,222.46,220.69
05/06/21,220.77,219.12,221.64,219.12
05/05/21,219.12,219.27,219.85,218.69
05/04/21,219.27,218.69,219.95,218.44
05/03/21,218.69,218.33,220.04,218.15
04/30/21,218.33,218.27,219.33,217.48
04/29/21,218.27,216.85,220.58,216.85
04/28/21,216.85,215.23,218.53,214.09
04/27/21,215.23,215.83,216.04,213.99
04/26/21,215.83,215.19,216.25,213.79
04/23/21,215.19,215.13,215.5,212.96
04/22/21,215.13,216.14,216.31,214.66
04/21/21,216.14,214.95,217,214.45
04/20/21,214.95,213.54,216.3,213.44
04/19/21,213.54,215.29,215.29,212.95
04/16/21,215.29,214.09,215.73,214.06
04/15/21,214.09,210.69,215.51,210.69
04/14/21,210.69,208.74,212.43,208.74
04/13/21,208.74,207.66,209.46,207.52
04/12/21,207.66,206.38,208.62,206.25
04/09/21,206.38,204.98,206.38,204.82
04/08/21,204.98,207.39,207.39,203.27
04/07/21,207.39,207.94,208.61,206.6
04/06/21,207.94,209.48,209.76,206.37
04/01/21,209.48,206.95,210.17,206.44
03/31/21,206.95,209.18,209.31,205.87
03/30/21,209.18,208.65,211.52,208.04
03/29/21,208.65,216.56,216.56,208.19
03/26/21,216.56,219.9,219.9,215.49
03/25/21,219.9,220.05,221.63,217.77
03/24/21,220.05,220.07,220.99,218.78
03/23/21,220.07,218.27,220.6,218.27
03/22/21,218.27,218.09,219.6,216.37
03/19/21,218.09,216.4,218.82,216.4
03/18/21,216.4,213.38,218.18,213.38
03/17/21,213.38,212.65,214.59,212.65
03/16/21,212.65,212.41,213.61,211.56
03/15/21,212.41,212.14,213.39,211.61
03/12/21,212.14,212.26,212.87,210.62
03/11/21,212.26,211.7,213.86,210.01
03/10/21,211.7,206.88,214.75,206.88
03/09/21,206.88,205.69,208.33,203.71
03/08/21,205.69,209.8,211.11,204.41
03/05/21,209.8,210.67,211.13,208.55
03/04/21,210.67,211.57,212.11,208.54
03/03/21,211.57,213.27,215.16,210.08
03/02/21,213.27,213.38,214,211.77
03/01/21,213.38,213.53,214.63,211.41
02/26/21,213.53,213.57,214.61,211.8
02/25/21,213.57,214.15,214.41,212.79
02/24/21,214.15,214.63,214.63,212.79
02/23/21,214.63,214.91,215.79,213.79
02/22/21,214.91,214.59,215.66,212.7
02/19/21,214.59,212.83,214.88,212.83
02/18/21,212.83,213.65,214.64,211.45
02/17/21,213.65,213.22,214.47,212.38
02/16/21,213.22,213.85,214.05,211.84
02/15/21,213.85,211.81,214.77,211.81
02/12/21,211.81,210.26,213.94,209.47
02/11/21,210.26,205.99,210.26,205.99
02/10/21,205.99,205.52,206.74,204.34
02/09/21,205.52,203.61,206.68,203.56
02/08/21,203.61,203.49,204.1,202.42
02/05/21,203.49,204.38,206.47,202.07
02/04/21,204.38,202.85,205.59,202.05
02/03/21,202.85,199.86,204.69,199.71
02/02/21,199.86,198.51,201.16,198.51
02/01/21,198.51,200.26,201.29,198.12
01/29/21,200.26,201.37,201.98,199.2
01/28/21,201.37,201.76,202.27,199.51
01/27/21,201.76,202.26,202.31,200.89
01/26/21,202.26,201.9,203.61,201.28
01/25/21,201.9,199.85,203.05,199.64
01/22/21,199.85,199.54,201.08,198.73
01/21/21,199.54,200.73,201.82,197.6
01/20/21,200.73,202.25,202.58,198.62
01/19/21,202.25,202.75,203.07,201.48
01/18/21,202.75,203.72,203.94,201.72
01/15/21,203.72,203.74,204.53,202.95
01/14/21,203.74,200.34,205.76,199.73
01/13/21,200.34,199.64,200.69,199.64
01/12/21,199.64,199.7,200.24,198
01/11/21,199.7,200.03,200.17,198.51
01/08/21,200.03,199.69,200.55,199.17
01/07/21,199.69,199.7,200.35,198.7
01/06/21,199.7,198.26,200.47,198.21
01/05/21,198.26,197.7,200.11,197.19
01/04/21,197.7,197.58,198.69,196.9
12/31/20,197.58,196.16,198.63,196.16
12/30/20,196.16,195.14,197.46,195.14
12/29/20,195.14,194.87,196.18,194.46
12/28/20,194.87,194.49,196.18,194.11
12/24/20,194.49,193.79,195.13,193.63
12/23/20,193.79,192.64,194.49,191.91
12/22/20,192.64,191.03,193.68,190.68
12/21/20,191.03,191.46,192.01,189.94
12/18/20,191.46,189.58,193.02,189.39
12/17/20,189.58,189.78,190.38,188.4
12/16/20,189.78,190.8,190.82,188.5
12/15/20,190.8,191.32,191.59,189.96
12/14/20,191.32,191.13,192.41,190.07
12/11/20,191.13,190.04,191.58,188.74
12/10/20,190.04,190.7,191.45,187.87
12/09/20,190.7,190.47,190.9,189.61
12/08/20,190.47,190.95,191.41,189.38
12/07/20,190.95,192.43,192.43,189.52
12/04/20,192.43,191.28,193.78,189.56
12/03/20,191.28,190.69,191.61,189.54
12/02/20,190.69,188.58,191.2,188.58
12/01/20,188.58,189.28,190.6,187.71
11/30/20,189.28,187.29,191.37,187.29
11/27/20,187.29,188.81,189.34,186.28
11/26/20,188.81,188.64,189.08,187.66
11/25/20,188.64,187.46,189.73,187.46
11/24/20,187.46,188.1,188.94,186.94
11/23/20,188.1,187.67,188.91,186.67
11/20/20,187.67,186.4,188.3,184.55
11/19/20,186.4,188.89,189.1,185.45
11/18/20,188.89,189.86,189.86,187.97
11/17/20,189.86,190.04,190.44,188.12
11/16/20,190.04,189.39,190.91,188.6
11/13/20,189.39,188.44,190.18,186.56
11/12/20,188.44,189.65,191.67,187.73
11/11/20,189.65,185.09,191.66,183.97
11/10/20,185.09,183.1,186.77,183.1
11/09/20,183.1,184.52,185.15,180.87
11/06/20,184.52,183.96,185.53,183.5
11/05/20,183.96,182.37,184.17,182.35
11/04/20,182.37,182.83,184.39,180.91
11/03/20,182.83,183.57,185.07,181.55
11/02/20,183.57,183.17,184.37,182.57
10/30/20,183.17,183.11,184.17,182.18
10/29/20,183.11,183.56,184.27,181.98
10/28/20,183.56,183.68,184.49,183.39
10/27/20,183.68,183.71,184.78,183.21
10/26/20,183.71,185.28,185.28,182.83
10/23/20,185.28,185,186.23,183.8
10/22/20,185,184.01,185.99,183.71
10/21/20,184.01,184.08,185.12,183.94
10/19/20,184.08,184.55,185.18,183.59
10/16/20,184.55,184.6,185.79,184.27
10/15/20,184.6,184.69,185.16,184.05
10/14/20,184.69,185.17,186.37,183.92
10/13/20,185.17,185.62,186.01,184.43
10/12/20,185.62,185.21,185.93,184.73
10/09/20,185.21,184.31,186.48,184.13
10/08/20,184.31,186.14,186.14,184.06
10/07/20,186.14,185.08,186.69,185.08
10/06/20,185.08,185.66,185.84,185.08
10/05/20,185.66,185.95,186.8,184.88
10/02/20,185.95,186.47,187.37,184.71
10/01/20,186.47,186.92,188.03,186.13
09/30/20,186.92,187.31,188.6,186.84
09/29/20,187.31,187.46,188.71,186.59
09/28/20,187.46,187.02,188.13,186.18
09/25/20,187.02,185.76,187.64,184.82
09/24/20,185.76,185.55,188.01,183.07
09/23/20,185.55,185.73,187.14,184.2
09/22/20,185.73,185.68,186.83,185.25
09/21/20,185.68,186.67,186.67,184.15
09/18/20,186.67,185.37,187.39,182.2
09/17/20,185.37,187.12,187.43,184.1
09/16/20,187.12,187.51,189.04,186.21
09/15/20,187.51,187.26,187.94,186.93
09/14/20,187.26,187.56,187.95,184.86
09/11/20,187.56,186.44,188.08,184.83
09/10/20,186.44,182.87,187.08,182.87
09/09/20,182.87,181.84,185.51,181.21
09/08/20,181.84,182.88,183.87,181.28
09/07/20,182.88,184.75,185.06,180.91
09/04/20,184.75,188.35,188.93,182.77
09/03/20,188.35,188.21,188.64,186.7
09/02/20,188.21,186.9,189.1,186.31
09/01/20,186.9,185.62,187.94,184.72
08/31/20,185.62,183.83,186.71,183.62
08/28/20,183.83,182.16,184.94,181.84
08/27/20,182.16,178.61,184.6,178.61
08/26/20,178.61,176.54,179.87,176.54
08/25/20,176.54,174.89,177.69,174.38
08/24/20,174.89,173.17,176.31,173.17
08/21/20,173.17,173.17,174.64,172.67
08/20/20,173.17,171.24,173.59,171.24
08/19/20,171.24,170.2,172.31,169.78
08/18/20,170.2,170.81,171.8,169.35
08/17/20,170.81,168.17,172.03,168.17
08/14/20,168.17,168.19,170.63,167.57
08/13/20,168.19,170.68,171.71,167.66
08/12/20,170.68,169.31,171.95,169.26
08/11/20,169.31,171.23,171.23,168.59
08/10/20,171.23,171.72,172.96,170.35
08/07/20,171.72,170.22,173.12,170.22
08/06/20,170.22,168.01,173,168.01
08/05/20,168.01,169.47,170.45,167.63
08/04/20,169.47,171.42,172,168.97
08/03/20,171.42,175.26,175.26,171.07
07/30/20,175.26,177.37,177.74,175.26
07/29/20,177.37,177.41,179.31,176.75
07/28/20,177.41,180.12,180.12,176.98
07/27/20,180.12,177.47,182.73,176.8
07/24/20,177.47,174.52,179.43,174.52
07/23/20,174.52,173.21,177.24,173.21
07/22/20,173.21,173.91,175.89,172.63
07/21/20,173.91,175.56,176.2,172.39
07/20/20,175.56,175.72,176.92,175.45
07/17/20,175.72,175.43,176.48,175.11
07/16/20,175.43,175.6,178.36,175.14
07/15/20,175.6,174.78,177.46,174.78
07/14/20,174.78,175.47,178.48,174.54
07/13/20,175.47,174.81,178.17,174.81
07/10/20,174.81,174.85,176.47,174.69
07/09/20,174.85,177.3,177.31,174.6
07/08/20,177.3,178.26,180.14,176.36
07/07/20,178.26,181.19,185.28,177.9
07/06/20,181.19,183.11,185.17,180.79
07/03/20,183.11,181.3,184.38,181.3
07/02/20,181.3,182.25,183.98,181.03
07/01/20,182.25,182.66,183.89,181.93
06/30/20,182.66,184.53,185.51,182.01
06/29/20,184.53,183.57,186.27,183.57
06/26/20,183.57,183.66,185.47,183.46
06/25/20,183.66,184.5,186.49,183.1
06/24/20,184.5,186.5,187.78,183.96
06/23/20,186.5,188.38,188.69,185.14
06/22/20,188.38,190.35,190.78,186.81
06/19/20,190.35,190.37,191.04,189.7
06/18/20,190.37,190.09,191.03,189.45
06/17/20,190.09,189.67,191.15,189.09
06/16/20,189.67,187.23,190.29,187.23
06/15/20,187.23,186.72,189.12,186.56
06/12/20,186.72,186.7,188.12,185.39
06/11/20,186.7,184.91,188.25,184.9
06/10/20,184.91,184.35,186.32,184.35
06/09/20,184.35,185.11,186.02,183.48
06/08/20,185.11,182.73,186.84,182.73
06/05/20,182.73,183.47,184.88,182.25
06/04/20,183.47,182.42,184.75,182.42
06/03/20,182.42,181.91,185.2,181.77
06/02/20,181.91,181.35,183.54,180.96
05/29/20,181.35,181.12,183.97,180.6
05/28/20,181.12,182.04,183.2,180.73
05/27/20,182.04,182.5,184.05,181.85
05/26/20,182.5,185.19,185.19,182.38
05/22/20,185.19,183,186.14,183
05/21/20,183,185.62,185.78,182.55
05/20/20,185.62,187.03,187.22,185.35
05/19/20,187.03,184.05,189.08,184.05
05/18/20,184.05,179.05,185.81,179.05
05/15/20,179.05,177.91,181.42,177.55
05/14/20,177.91,183.58,183.81,177.14
05/13/20,183.58,186.77,187.97,181.68
05/12/20,186.77,188.77,192.08,186.28
05/11/20,188.77,189.08,191.06,187.89
05/08/20,189.08,192.21,197.3,187.7
05/07/20,192.21,200.1,200.51,190.73
05/06/20,200.1,194.79,202.15,194.79
05/05/20,194.79,191.37,196.72,191.37
05/04/20,191.37,185.85,193.56,185.85
04/30/20,185.85,184.95,188.6,184.7
04/29/20,184.95,179.2,185.67,179.2
04/28/20,179.2,178.82,180.72,177.99
04/27/20,178.82,178.59,180.72,178.51
04/24/20,178.59,180.45,182.67,177.46
04/23/20,180.45,180.09,184.66,179.9
04/22/20,180.09,181.08,181.87,179.06
04/21/20,181.08,179.32,182.68,179.25
04/20/20,179.32,176.55,181.14,176.55
04/17/20,176.55,175.32,178.41,175.32
04/16/20,175.32,176.28,177.99,173.7
04/15/20,176.28,174.48,178.97,173.75
04/14/20,174.48,171.04,178.21,170.73
04/09/20,171.04,170.95,176.14,170.29
04/08/20,170.95,173.1,173.86,170.34
04/07/20,173.1,177.12,177.3,172.63
04/06/20,177.12,180.48,181.62,175.12
04/03/20,180.48,177.89,181.79,177.25
04/02/20,177.89,174.54,180.09,174.52
04/01/20,174.54,173.37,175.18,173.37
03/31/20,173.37,170.37,174.84,170.37
03/30/20,170.37,166.78,172.12,166.78
03/27/20,166.78,164.17,171.14,164.17
03/26/20,164.17,163.44,168.98,163.44
03/25/20,163.44,163.28,166.05,163.12
03/24/20,163.28,170.76,172.23,162.87
03/23/20,170.76,179.17,179.46,168.8
03/20/20,179.17,179.28,182.66,178.73
03/19/20,179.28,181.49,183.99,178.4
03/18/20,181.49,181.71,183.31,180.81
03/17/20,181.71,179.82,187.25,179.82
03/16/20,179.82,184.1,185.39,177.83
03/13/20,184.1,195.51,198.23,179.43
03/12/20,195.51,206.72,206.72,193.87
03/11/20,206.72,205.1,208.85,205.08
03/10/20,205.1,202.98,207.82,202.33
03/09/20,202.98,215.92,215.92,201.11
03/06/20,215.92,216.22,216.58,214.79
03/05/20,216.22,213.13,217.48,213.13
03/04/20,213.13,209.37,214.28,209.37
03/03/20,209.37,205.33,211.4,205.33
03/02/20,205.33,201.96,210.39,201.96
02/28/20,201.96,207.85,207.85,201.01
02/27/20,207.85,210.08,212.39,206.53
02/26/20,210.08,215.82,215.82,208.29
02/25/20,215.82,217.82,217.9,213.44
02/24/20,217.82,218.13,219.28,214.86
02/21/20,218.13,219.25,219.76,218.03
02/20/20,219.25,219.96,220.37,218.28
02/19/20,219.96,221.31,221.58,219
02/18/20,221.31,222.83,223.55,219.86
02/17/20,222.83,223.71,225.32,222.55
02/14/20,223.71,225.54,225.76,222.93
02/13/20,225.54,229.24,229.24,223.88
02/12/20,229.24,230.62,231.17,226.4
02/11/20,230.62,230.62,230.62,230.62
02/10/20,230.62,231.96,231.96,228.57
02/07/20,231.96,233.38,234.89,230.91
02/06/20,233.38,228.76,235.07,227.38
02/05/20,228.76,224.97,231.16,224.97
02/04/20,224.97,224.39,227.17,224.37
02/03/20,224.39,223.46,225.22,222.71
01/31/20,223.46,223.86,224.39,222.37
01/30/20,223.86,222.56,224.65,222.07
01/29/20,222.56,222.83,224.18,222.19
01/28/20,222.83,225.36,225.36,221.77
01/27/20,225.36,227.37,227.81,223.19
01/24/20,227.37,227.58,229.02,226.88
01/23/20,227.58,227.18,229.44,226.1
01/22/20,227.18,227.64,228.67,226.85
01/21/20,227.64,228.39,230.71,226.53
01/20/20,228.39,227.8,230.55,227.16
01/17/20,227.8,228.98,231.06,225.95
01/16/20,228.98,229.08,231.42,227.57
01/15/20,229.08,233.52,233.71,226.95
01/14/20,233.52,235.39,235.39,232.82
01/13/20,235.39,236.22,237.56,234.49
01/10/20,236.22,235.35,238.71,233.86
01/09/20,235.35,230.43,237.6,230.09
01/08/20,230.43,229.3,231.33,227.99
01/07/20,229.3,230.46,230.85,228.61
01/06/20,230.46,231.87,232.37,229.55
01/03/20,231.87,229.61,232.71,228.6
01/02/20,229.61,229.49,230.82,227.52
12/31/19,229.49,227.41,229.67,226.41
12/30/19,227.41,227.69,228.52,223.48
12/27/19,227.69,228.03,229.33,225.79
12/24/19,228.03,227.41,229.34,223.94
12/23/19,227.41,226.47,228.64,221.82
12/20/19,226.47,225.13,227.7,223.91
12/19/19,225.13,222.19,226.1,222.19
12/18/19,222.19,221.2,223.48,219.23
12/17/19,221.2,220.38,221.64,218.36
12/16/19,220.38,221.57,221.82,219.37
12/13/19,221.57,221.47,222.6,219.48
12/11/19,221.47,220.82,222.8,218.88
12/10/19,220.82,220.65,221.05,219.36
12/09/19,220.65,221.38,221.38,219.15
12/06/19,221.38,219.83,222.08,219.73
12/05/19,219.83,219.57,221.71,218.65
12/04/19,219.57,219.34,219.93,217.67
12/03/19,219.34,217.96,220.33,217.4
12/02/19,217.96,217.59,219.14,215.91
11/29/19,217.59,215.61,219.72,215.61
11/28/19,215.61,213.87,217.35,213.22
11/27/19,213.87,212.79,214.47,212.45
11/26/19,212.79,213.89,213.89,211.6
11/25/19,213.89,213.14,214.32,211.68
11/22/19,213.14,213.17,214.38,211.82
11/21/19,213.17,213.94,214.27,211.81
11/20/19,213.94,213.99,216.78,213.49
11/19/19,213.99,214.03,215.56,212.95
11/18/19,214.03,214.05,217.66,212.93
11/15/19,214.05,216.92,217.11,213.58
11/14/19,216.92,215,217.04,213.76
11/13/19,215,215.4,217.16,213.85
11/12/19,215.4,217.44,219.01,211.68
11/11/19,217.44,219.52,219.52,212.98
11/08/19,219.52,226.37,226.37,217.3
11/07/19,226.37,226.65,227.9,223.13
11/06/19,226.65,221.48,228.28,221.48
11/05/19,221.48,223.34,223.69,218.45
11/04/19,223.34,226.68,226.68,218.36
11/01/19,226.68,218.71,227.55,218.71
10/31/19,218.71,210.69,220.61,210.69
10/30/19,210.69,203.84,214.06,203.84
10/29/19,203.84,203.55,205.17,203.18
10/28/19,203.55,201.96,204,201.96
10/25/19,201.96,200.83,203.51,200.59
10/24/19,200.83,200.02,201.44,199.97
10/23/19,200.02,199.75,200.98,198.77
10/22/19,199.75,198.08,200.9,196.97
10/18/19,198.08,197.48,198.98,196.18
10/17/19,197.48,193.55,198.92,193.55
10/16/19,193.55,194.03,194.81,191.04
10/15/19,194.03,194.31,195.3,193.33
10/14/19,194.31,195.64,197.43,193.55
10/11/19,195.64,194.85,197.11,194.24
10/09/19,194.85,194.3,195.7,193.74
10/08/19,194.3,193.74,196.18,193.55
10/07/19,193.74,196.03,196.35,193.39
10/04/19,196.03,196.46,197.38,195.06
10/03/19,196.46,195.18,197.12,195.18
10/02/19,195.18,194.58,196.66,194.39
10/01/19,194.58,194.38,195.43,193.47
09/30/19,194.38,192.92,195.82,192.92
09/27/19,192.92,193.05,194.38,192.4
09/26/19,193.05,194.31,194.59,192.18
09/25/19,194.31,193.86,195.42,193.86
09/24/19,193.86,193.51,194.79,192.93
09/23/19,193.51,192.92,194.32,192.77
09/20/19,192.92,192.41,194.71,192.33
09/19/19,192.41,192.09,193.82,191.51
09/18/19,192.09,191.11,193.16,191.11
09/17/19,191.11,191.46,192.89,190.4
09/16/19,191.46,190.77,192.13,190.64
09/13/19,190.77,190.92,192.32,190.14
09/12/19,190.92,189.97,193.11,189.97
09/11/19,189.97,189.22,191.04,189.1
09/10/19,189.22,188.93,190.73,188.27
09/09/19,188.93,188.33,190.03,187.65
09/06/19,188.33,190.64,190.64,187.86
09/05/19,190.64,190.82,196.08,189.92
09/04/19,190.82,189.59,192.14,189.55
09/03/19,189.59,193.18,193.46,188.11
09/02/19,193.18,194.11,194.39,190.89
08/30/19,194.11,194.93,195.03,193.41
08/29/19,194.93,194.44,195.55,194.23
08/28/19,194.44,194.98,197.14,193.84
08/27/19,194.98,194.51,195.42,193.62
08/26/19,194.51,196.67,196.77,193.93
08/23/19,196.67,196.66,197.25,196.09
08/22/19,196.66,196.55,197.65,196.04
08/21/19,196.55,197.09,197.78,195.96
08/20/19,197.09,198.03,199.39,196.52
08/19/19,198.03,197.71,198.7,196.13
08/16/19,197.71,195.92,199.07,195.92
08/15/19,195.92,194.89,196.71,194.18
08/14/19,194.89,194.86,195.57,194.54
08/13/19,194.86,194.4,196.14,193.9
08/12/19,194.4,194.4,194.4,194.4
08/09/19,194.4,193.23,195.07,192.86
08/08/19,193.23,192.42,194.05,191.91
08/07/19,192.42,193.15,193.66,191.74
08/06/19,193.15,194.02,194.29,192.42
08/05/19,194.02,194.78,195.02,193.57
08/02/19,194.78,194.33,196.08,194.32
08/01/19,194.33,194.17,194.94,193.94
07/31/19,194.17,194.79,195.2,193.55
07/30/19,194.79,195.38,195.69,193.83
07/29/19,195.38,194.8,196.21,194.36
07/26/19,194.8,194.62,196.42,194.16
07/25/19,194.62,194.37,195.74,193.52
07/24/19,194.37,192.79,195.6,192.79
07/23/19,192.79,195.02,197.32,192.56
07/22/19,195.02,195.04,196.24,193.88
07/19/19,195.04,194.13,196.31,193.73
07/18/19,194.13,194.74,196.17,193.39
07/17/19,194.74,196.49,196.62,193.46
07/16/19,196.49,194.01,196.49,193.35
07/15/19,194.01,194.79,195.25,193.22
07/12/19,194.79,194.23,196.48,194.1
07/11/19,194.23,194.28,195.36,193.3
07/10/19,194.28,192.39,195.41,192.38
07/09/19,192.39,193.96,194.23,191.96
07/08/19,193.96,194.68,195.29,193.02
07/05/19,194.68,194.24,200.71,193.93
07/04/19,194.24,194.89,195.31,192.82
07/03/19,194.89,194.91,198.05,194.24
07/02/19,194.91,194.53,196.18,193.97
07/01/19,194.53,193.82,196.25,191.28
06/28/19,193.82,192.17,194.76,192.06
06/27/19,192.17,192.64,193.54,191.75
06/26/19,192.64,192.67,193.37,192.11
06/25/19,192.67,192.22,193.67,191.46
06/24/19,192.22,191.89,193.32,191.02
06/21/19,191.89,192.57,193.91,191.57
06/20/19,192.57,193.04,193.86,190.97
06/19/19,193.04,194.16,194.16,192.19
06/18/19,194.16,193.9,195.73,193.83
06/17/19,193.9,194.82,195.77,193.34
06/14/19,194.82,195.55,196.33,194.08
06/13/19,195.55,195.63,196.46,194.6
06/12/19,195.63,195.2,196.55,195.2
06/11/19,195.2,194.92,195.82,194.54
06/10/19,194.92,195.34,195.81,194.11
06/07/19,195.34,196.19,196.83,194.26
06/06/19,196.19,195.83,197.16,195.33
06/04/19,195.83,194.78,196.77,194.78
06/03/19,194.78,194.11,195.73,193.47
05/31/19,194.11,194.6,195.45,192.8
05/30/19,194.6,195.84,195.95,193.85
05/29/19,195.84,195.85,197.38,194.94
05/28/19,195.85,190.46,197.44,190.46
05/27/19,190.46,189.32,191.87,189.32
05/24/19,189.32,188.89,190.8,188.38
05/23/19,188.89,188.85,189.76,188.3
05/22/19,188.85,189.29,191,188.18
05/21/19,189.29,186.86,189.93,186.86
05/20/19,186.86,187.05,188.75,186.06
05/17/19,187.05,187.82,189,186.47
05/16/19,187.82,188.52,188.52,186.64
05/15/19,188.52,188.61,191.41,187.7
05/14/19,188.61,193.53,193.53,187.56
05/13/19,193.53,196.05,197.81,191.35
05/10/19,196.05,198.98,199.1,195.02
05/09/19,198.98,200.83,201.26,197.99
05/08/19,200.83,202.1,203.59,199.92
05/07/19,202.1,201.93,204.37,201.48
05/06/19,201.93,204.86,204.86,200.5
05/03/19,204.86,206.35,210.11,202.09
05/02/19,206.35,202.24,207.45,201.49
04/30/19,202.24,203.44,204.33,199.95
04/29/19,203.44,204.75,206.46,203.36
04/26/19,204.75,205.09,205.64,203.99
04/25/19,205.09,205.57,206.02,204.46
04/24/19,205.57,205.59,206.2,205.29
04/23/19,205.59,205.12,206.19,204.19
04/18/19,205.12,205.51,205.6,204.62
04/17/19,205.51,204.26,205.88,204.26
04/16/19,204.26,204.26,205.11,204.04
04/15/19,204.26,204.55,204.86,203.41
04/12/19,204.55,204.54,205.83,203.5
04/11/19,204.54,204.68,205.11,203.79
04/10/19,204.68,204.68,205.53,204.17
04/09/19,204.68,205.81,205.81,203.6
04/08/19,205.81,206.43,206.51,204.95
04/05/19,206.43,206.67,207.07,205.23
04/04/19,206.67,207.28,207.75,206.4
04/03/19,207.28,206.74,207.48,206.48
04/02/19,206.74,205.85,208.02,205.78
04/01/19,205.85,203.82,205.85,203.82
03/29/19,203.82,201.48,205.09,201.29
03/28/19,201.48,202.39,203.21,200.79
03/27/19,202.39,204.47,204.57,201.01
03/26/19,204.47,206.53,206.75,203.92
03/25/19,206.53,208.08,208.28,205.69
03/22/19,208.08,208.92,209.8,207.05
03/21/19,208.92,208.2,209.97,207.54
03/20/19,208.2,206.53,209.33,206.53
03/19/19,206.53,208.38,208.41,205.01
03/18/19,208.38,205.34,209.86,204.18
03/15/19,205.34,201.94,206.47,201.94
03/14/19,201.94,201.35,202.69,201.15
03/13/19,201.35,201.96,203.21,200.62
03/12/19,201.96,201.92,202.75,201.33
03/11/19,201.92,203.37,203.58,201.16
03/08/19,203.37,202.75,205.08,202.75
03/07/19,202.75,200.64,204.6,200.64
03/06/19,200.64,198.73,202.52,198.73
03/05/19,198.73,198.43,199.73,198.31
03/04/19,198.43,197.74,199.3,197.29
03/01/19,197.74,197.11,198.75,197.05
02/28/19,197.11,199.34,199.34,196.64
02/27/19,199.34,200.25,200.67,198.38
02/26/19,200.25,200.33,201.11,199.68
02/25/19,200.33,199.64,201.93,199.64
02/22/19,199.64,199.85,200.49,199.33
02/21/19,199.85,200.18,200.51,199.43
02/20/19,200.18,201.73,202.16,199.25
02/19/19,201.73,202.41,203.88,200.95
02/18/19,202.41,203.71,205.89,201.94
02/15/19,203.71,205.95,206.24,203.13
02/14/19,205.95,207.55,207.62,204.36
02/13/19,207.55,208.13,208.71,205.04
02/12/19,208.13,207.86,208.63,207.38
02/11/19,207.86,207.53,208.44,206.16
02/08/19,207.53,207.26,208.61,206.8
02/07/19,207.26,206.71,208.43,205.95
02/06/19,206.71,203.54,208.18,203.54
02/05/19,203.54,199.79,205.86,199.79
02/04/19,199.79,198.32,201.55,198.06
02/01/19,198.32,193.77,199.15,193.77
01/31/19,193.77,191.5,196.84,191.38
01/30/19,191.5,190.37,192.63,190.06
01/29/19,190.37,188.56,191.18,188.13
01/28/19,188.56,187.55,189.32,187.3
01/25/19,187.55,185.47,188.73,185.43
01/24/19,185.47,185.6,185.93,184.34
01/23/19,185.6,185.58,186.98,185.22
01/22/19,185.58,186,186.51,185.1
01/21/19,186,184.3,187.32,184.23
01/18/19,184.3,183.15,186.01,183.15
01/17/19,183.15,182.58,185.33,182.58
01/16/19,182.58,180.38,183.91,180.38
01/15/19,180.38,180.15,182.25,179.94
01/14/19,180.15,179.35,181.01,179.2
01/11/19,179.35,177.97,181.18,177.97
01/10/19,177.97,174.98,180,174.91
01/09/19,174.98,174.09,176.66,174.09
01/08/19,174.09,172.54,175.02,172.54
01/07/19,172.54,172.24,173.69,171.82
01/04/19,172.24,175.1,175.5,171.25
01/03/19,175.1,176.26,176.56,174.34
01/02/19,176.26,176.8,178.79,175.97
12/31/18,176.8,178.66,179.85,175.91
12/28/18,178.66,177.58,179.21,177.58
12/27/18,177.58,177.69,181.04,177.07
12/24/18,177.69,176.56,179.03,176.56
12/21/18,176.56,177.74,179.25,176.04
12/20/18,177.74,179.35,179.65,176.88
12/19/18,179.35,181.9,182.54,178.66
12/18/18,181.9,182.93,184.25,180.91
12/17/18,182.93,183.41,183.96,182.06
12/14/18,183.41,181.97,184.8,181.97
12/13/18,181.97,181.65,184.74,181.23
12/11/18,181.65,183.78,184.64,181.06
12/10/18,183.78,185.6,186.13,182.64
12/07/18,185.6,186.17,187.23,184.54
12/06/18,186.17,187.5,188.07,185.58
12/05/18,187.5,186.88,188.52,186.53
12/04/18,186.88,186.59,188.27,185.98
12/03/18,186.59,186.09,189.04,185.74
11/30/18,186.09,185.36,187.7,183.93
11/29/18,185.36,184.62,185.37,184.35
11/28/18,184.62,183.58,185.73,183.28
11/27/18,183.58,182.98,184.72,182.9
11/26/18,182.98,182.07,184.13,182.05
11/23/18,182.07,182.37,183.68,182.07
11/22/18,182.37,182.59,183.97,181.98
11/21/18,182.59,183.28,184.15,182.12
11/20/18,183.28,183.2,185.62,182.39
11/19/18,183.2,184.09,185.98,182.92
11/16/18,184.09,183.97,186.39,183.87
11/15/18,183.97,184.39,186.09,183.68
11/14/18,184.39,184.93,186.06,183.63
11/13/18,184.93,185.23,186.93,184.3
11/12/18,185.23,185.18,187.29,183.82
11/09/18,185.18,181.87,186.68,181.87
11/08/18,181.87,180.78,183.95,180.78
11/07/18,180.78,180.32,183.35,180.12
11/06/18,180.32,184.25,185.28,179.62
11/05/18,184.25,185.82,186.78,181.93
11/02/18,185.82,182.54,187.33,182.54
11/01/18,182.54,182.34,184.42,181.48
10/31/18,182.34,183.65,185.01,182.19
10/30/18,183.65,184.45,186.16,183.57
10/29/18,184.45,184.86,187.61,184.45
10/26/18,184.86,184.92,186.21,184.85
10/25/18,184.92,184.06,186.11,184.06
10/24/18,184.06,183.73,185.65,183.42
10/23/18,183.73,184.84,186,182.3
10/22/18,184.84,184.25,187.65,184.19
10/19/18,184.25,181.2,185.83,179.95
10/18/18,181.2,180.16,184.21,180.16
10/17/18,180.16,179.9,183.33,179.74
10/16/18,179.9,178.16,182.41,178.16
10/15/18,178.16,181.72,183.43,176.32
10/12/18,181.72,186.35,186.62,180.98
10/11/18,186.35,188.81,189.44,184.75
10/09/18,188.81,188.87,191.13,188.55
10/08/18,188.87,189.84,191.53,188.87
10/05/18,189.84,189.94,192.11,189.72
10/04/18,189.94,189.24,191.8,188.92
10/03/18,189.24,189.54,190.99,188.99
10/02/18,189.54,189.73,192.07,188.94
10/01/18,189.73,190.21,192.84,189.73
09/28/18,190.21,191.78,194.01,189.5
09/27/18,191.78,191.17,193.37,190.59
09/26/18,191.17,190.14,193.25,190.14
09/25/18,190.14,190.72,192.88,189.46
09/24/18,190.72,185.07,194.57,185.07
09/21/18,185.07,189.14,190.84,183.11
09/20/18,189.14,198.41,198.41,188.72
09/19/18,198.41,201.06,202.28,194.24
09/18/18,201.06,200.82,203.19,200.82
09/17/18,200.82,201.96,203.11,199.63
09/14/18,201.96,200.23,204.65,200.16
09/13/18,200.23,203.78,204.74,200.23
09/12/18,203.78,205.01,205.95,203.42
09/11/18,205.01,207.23,208.96,204.34
09/10/18,207.23,208.82,209.8,207.23
09/07/18,208.82,210.38,210.75,207.79
09/06/18,210.38,211.79,212.38,209.43
09/05/18,211.79,214.15,215.22,210.65
09/04/18,214.15,212.57,217.48,212.57
09/03/18,212.57,214.66,215.77,211.03
08/31/18,214.66,221.55,222.63,214.36
08/30/18,221.55,222.85,223.7,220.97
08/29/18,222.85,223.12,225.12,222.74
08/28/18,223.12,221.24,225.41,221.24
08/27/18,221.24,223.94,225.12,221.05
08/24/18,223.94,224.21,225.54,223.21
08/23/18,224.21,225.39,226.76,224.03
08/22/18,225.39,226.36,227.75,225.32
08/21/18,226.36,226.36,226.36,226.36
08/20/18,226.36,226.87,228.55,226.16
08/17/18,226.87,226,229.48,225.97
08/16/18,226,227.46,227.83,224.82
08/15/18,227.46,228.56,230.27,225.66
08/14/18,228.56,227.77,229.85,227.49
08/13/18,227.77,227.17,231.04,227.17
08/10/18,227.17,228.09,229.92,226.73
08/09/18,228.09,227.79,230.29,227.73
08/08/18,227.79,224.53,230.97,224.53
08/07/18,224.53,223.84,226.11,223.84
08/06/18,223.84,223.92,225.98,223.84
08/03/18,223.92,223.22,225.22,223.22
08/02/18,223.22,221.68,224.5,221.68
08/01/18,221.68,222.15,224.37,221.51
07/31/18,222.15,225.08,225.17,221.39
07/30/18,225.08,225.61,226.58,223.86
07/27/18,225.61,225.93,227.15,225.49
07/26/18,225.93,226.14,227.57,225.51
07/25/18,226.14,225.02,228.8,224.62
07/24/18,225.02,224.58,228.1,224.58
07/23/18,224.58,224.93,226.08,223.88
07/20/18,224.93,226.3,227.64,223.83
07/19/18,226.3,224.55,227.74,224.31
07/18/18,224.55,222.79,227.81,222.79
07/17/18,222.79,221.8,225.16,221.77
07/16/18,221.8,222.5,224.69,221.65
07/13/18,222.5,223.37,224.54,222.13
07/12/18,223.37,223.99,226.1,222.96
07/11/18,223.99,226.59,226.87,223.84
07/10/18,226.59,225.62,228.21,225.61
07/09/18,225.62,223.88,226.89,223.69
07/06/18,223.88,223.22,225.8,222.49
07/05/18,223.22,221.13,225.54,221.13
07/04/18,221.13,219.49,223.72,219.33
07/03/18,219.49,223.04,223.19,218.6
07/02/18,223.04,225.33,226.3,222.38
06/29/18,225.33,226.66,227.38,224.55
06/28/18,226.66,227.02,228.48,226.51
06/27/18,227.02,225.24,228.01,224.65
06/26/18,225.24,224.42,226.49,224.26
06/25/18,224.42,224.18,226.3,224.17
06/22/18,224.18,221.32,225.9,221.32
06/21/18,221.32,221.28,223.36,221.28
06/20/18,221.28,225.24,226.02,221.28
06/19/18,225.24,230.08,230.44,223.9
06/18/18,230.08,230.22,231.96,229.41
06/14/18,230.22,230.32,231.97,229.46
06/13/18,230.32,231.12,232.89,230.32
06/12/18,231.12,231.28,233.35,230.79
06/11/18,231.28,229.64,233.2,229.27
06/08/18,229.64,230.81,231.42,229.01
06/07/18,230.81,229.86,232.49,228.56
06/06/18,229.86,225.63,232.12,225.63
06/05/18,225.63,223.04,228.73,223.01
06/04/18,223.04,223.27,225.95,222.71
05/31/18,223.27,224.93,226.4,223.25
05/30/18,224.93,226.58,226.59,223.99
05/29/18,226.58,227.43,228.31,225.31
05/28/18,227.43,227.19,228.59,224.15
05/25/18,227.19,229.22,229.98,225.86
05/24/18,229.22,229.96,231.52,228.22
05/23/18,229.96,231.32,232.69,229.81
05/22/18,231.32,231.08,232.8,230.38
05/21/18,231.08,234.1,234.17,230.92
05/18/18,234.1,234.19,235.91,233.07
05/17/18,234.19,233.34,236.61,231.83
05/16/18,233.34,230.33,237.3,230.33
05/15/18,230.33,230.96,234.11,230.24
05/14/18,230.96,232.43,234.37,229.56
05/11/18,232.43,233.84,234.37,231.97
05/10/18,233.84,237.06,238.02,232.77
05/09/18,237.06,233.81,239.1,233.81
05/08/18,233.81,234.03,235.57,233.52
05/07/18,234.03,234,235.48,232.73
05/04/18,234,228.69,236.33,228.69
05/03/18,228.69,229.45,231.63,228.24
05/02/18,229.45,234.38,234.38,228.73
04/30/18,234.38,233.91,236.31,233.86
04/27/18,233.91,234.95,235.71,233.49
04/26/18,234.95,236.08,237.08,233.93
04/25/18,236.08,235.63,238.44,235.26
04/24/18,235.63,236.2,238.06,234.22
04/23/18,236.2,239.24,240.77,235.47
04/20/18,239.24,239.05,241.27,238
04/19/18,239.05,240.81,241.79,237.55
04/18/18,240.81,243.93,244.74,239.38
04/17/18,243.93,247.24,247.91,242.4
04/16/18,247.24,249.28,250.6,246.37
04/13/18,249.28,251.83,252.59,248.78
04/12/18,251.83,253.99,254.07,251.1
04/11/18,253.99,253.18,255.74,252.83
04/10/18,253.18,252.25,256.06,252.25
04/09/18,252.25,254.15,254.5,251.74
04/06/18,254.15,255.59,256.4,253.79
04/05/18,255.59,252.71,258.81,252.71
04/04/18,252.71,250.41,255.83,249.24
04/03/18,250.41,250.38,252.88,249.31
03/29/18,250.38,247.93,252.29,247.93
03/28/18,247.93,248.93,250.07,246.95
03/27/18,248.93,249.85,251.12,248.02
03/26/18,249.85,250.87,251.47,248.51
03/23/18,250.87,250.57,253.17,249.89
03/22/18,250.57,249.26,253.34,247.5
03/21/18,249.26,245.79,251.42,245.79
03/20/18,245.79,245.06,248.91,244.19
03/19/18,245.06,240.86,248.68,240.86
03/16/18,240.86,238.92,242.68,238.92
03/15/18,238.92,239.36,240.55,238.26
03/14/18,239.36,237.38,240.96,237.24
03/13/18,237.38,235.01,239.83,234.78
03/12/18,235.01,234.08,237.51,234.08
03/09/18,234.08,234.5,236.07,233.63
03/08/18,234.5,235.32,236.01,233.87
03/07/18,235.32,233.28,236.14,233.15
03/06/18,233.28,232.89,235.24,232.24
03/05/18,232.89,232.59,234.89,232.11
03/02/18,232.59,232.85,234.52,231.97
03/01/18,232.85,232.06,235.44,231.58
02/28/18,232.06,229.68,234.49,229.68
02/27/18,229.68,229.14,232.17,228.38
02/26/18,229.14,229.37,230.88,228.04
02/23/18,229.37,229.16,231.21,228.46
02/22/18,229.16,230.2,231.11,227.86
02/21/18,230.2,230.48,232.57,227.64
02/20/18,230.48,228.58,232.92,228.58
02/19/18,228.58,228.79,230.26,228.33
02/16/18,228.79,227.22,230.73,227.17
02/15/18,227.22,227.45,229.03,227.06
02/14/18,227.45,226.98,228.9,226.98
02/13/18,226.98,226.02,229.04,225.96
02/12/18,226.02,228.7,231.93,225.79
02/09/18,228.7,229.16,230.69,228.63
02/08/18,229.16,226.53,230.65,226.53
02/07/18,226.53,230.82,230.91,224.18
02/06/18,230.82,231.44,232.71,228.88
02/05/18,231.44,231.32,232.68,230.55
02/02/18,231.32,230.75,233.05,230.73
02/01/18,230.75,229.78,231.58,229.76
01/31/18,229.78,229.92,231.68,229.78
01/30/18,229.92,229.78,231.32,228.4
01/29/18,229.78,229.98,231.09,228.55
01/26/18,229.98,228.46,231.98,227.88
01/25/18,228.46,226.7,230.27,226.7
01/24/18,226.7,228.72,228.86,226.46
01/23/18,228.72,228.45,230.29,228.34
01/22/18,228.45,228.99,230.44,227.99
01/19/18,228.99,226.76,231.59,226.76
01/18/18,226.76,225.37,228.38,225.37
01/17/18,225.37,225.07,227.52,223.7
01/16/18,225.07,224.22,227.22,223.7
01/15/18,224.22,222.37,226.51,222.37
01/12/18,222.37,220.36,224.54,220.34
01/11/18,220.36,219.42,222.25,219.42
01/10/18,219.42,219.77,221,219.01
01/09/18,219.77,218.93,221.01,218.58
01/08/18,218.93,219.28,220.42,217.82
01/05/18,219.28,216.12,221.29,216.12
01/04/18,216.12,215.24,218.72,215.08
01/03/18,215.24,215.4,216.47,214.54
01/02/18,215.4,215.19,216.86,215.19
12/29/17,215.19,212.68,218.35,212.62
12/28/17,212.68,212.85,214.53,211.48
12/27/17,212.85,216.03,216.38,211.35
12/22/17,216.03,215.68,216.75,214.67
12/21/17,215.68,214.08,217.93,213.97
12/20/17,214.08,213.83,216.19,213.37
12/19/17,213.83,214.18,215.5,213.13
12/18/17,214.18,216.15,216.99,213.59
12/15/17,216.15,217.02,218.63,206.53
12/14/17,217.02,218.25,219.55,215.12
12/13/17,218.25,220.82,221.19,217.61
12/11/17,220.82,219.89,222.19,219.39
12/08/17,219.89,219.68,221.96,219.68
12/07/17,219.68,218.31,221.73,217.94
12/06/17,218.31,218.06,220.27,216.25
12/05/17,218.06,218.79,219.72,217.29
12/04/17,218.79,218.52,221.25,218.52
12/01/17,218.52,219.07,220.28,217.77
11/30/17,219.07,219.28,220.49,217.49
11/29/17,219.28,218.87,221.44,218.29
11/27/17,218.87,216.81,220.9,216.79
11/24/17,216.81,216.9,220.29,215.97
11/23/17,216.9,221.61,224.33,215.78
11/22/17,221.61,217.1,223.97,217.08
11/21/17,217.1,212.26,220.05,212.26
11/20/17,212.26,209.27,214.74,209.27
11/17/17,209.27,208.57,211.58,208.57
11/16/17,208.57,207.5,210.87,207.5
11/15/17,207.5,204.79,209.27,204.79
11/14/17,204.79,205.39,209.14,204.77
11/13/17,205.39,206.89,207.69,205.18
11/10/17,206.89,208.17,209.22,206.72
11/09/17,208.17,208.14,209.94,208.05
11/08/17,208.14,207.46,209.52,207.46
11/07/17,207.46,209.46,209.96,206.71
11/06/17,209.46,211.27,211.86,208.73
11/03/17,211.27,210.03,213.38,209.31
11/02/17,210.03,209.55,215.11,209.54
11/01/17,209.55,205.78,212.03,205.78
10/31/17,205.78,203.83,208.85,203.37
10/30/17,203.83,203.36,205.33,202.64
10/27/17,203.36,201.29,206.29,201.28
10/24/17,201.29,197.68,203.29,197.68
10/23/17,197.68,196.59,199.37,196.32
10/19/17,196.59,198.23,199.08,196.59
10/18/17,198.23,199.02,202.07,197.65
10/17/17,199.02,200.23,201.82,198.39
10/16/17,200.23,200.86,202.82,199.52
10/13/17,200.86,201.48,204.14,200.53
10/12/17,201.48,202.29,203.26,200.96
10/11/17,202.29,204.5,204.86,201.78
10/10/17,204.5,204.5,205.43,203.58
10/09/17,204.5,205.1,207.11,203.35
10/06/17,205.1,205.57,207.19,204.36
10/05/17,205.57,206.3,207.32,205.24
10/04/17,206.3,207.56,209.02,205.4
10/03/17,207.56,206.7,210.31,206.4
10/02/17,206.7,207.61,208.43,206.04
09/29/17,207.61,208.93,209.55,206.89
09/28/17,208.93,210.99,211.56,207.65
09/27/17,210.99,212.03,212.95,210.96
09/26/17,212.03,211.95,213.35,211.19
09/25/17,211.95,212.53,213.6,211.81
09/22/17,212.53,212.73,213.98,211.97
09/21/17,212.73,211.47,214.87,211.29
09/20/17,211.47,210.19,212.66,210.15
09/19/17,210.19,207.75,212.37,207.75
09/18/17,207.75,210.38,210.97,206.57
09/15/17,210.38,210.42,211.88,209.49
09/14/17,210.42,209.86,212,209.86
09/13/17,209.86,212.68,212.68,209.86
09/12/17,212.68,212.69,215.1,211.87
09/11/17,212.69,212.09,214.81,212.02
09/08/17,212.09,210.24,213.51,210.24
09/07/17,210.24,208.29,213.05,208.29
09/06/17,208.29,207.54,210.03,207
09/05/17,207.54,206.63,209.91,206.63
09/04/17,206.63,210.92,213.02,206.31
09/01/17,210.92,219.77,221.11,205.15
08/31/17,219.77,222.48,222.48,218.94
08/30/17,222.48,224.08,224.85,220.35
08/29/17,224.08,225.45,226.84,222.61
08/28/17,225.45,223.82,227.06,223.82
08/25/17,223.82,219.58,226.23,219.54
08/24/17,219.58,217.98,221.87,217.98
08/23/17,217.98,216.71,219.97,216.71
08/22/17,216.71,216.65,218.37,215.99
08/21/17,216.65,215.11,218.03,215.11
08/18/17,215.11,216.68,217.43,215
08/17/17,216.68,218.02,219.59,215.66
08/16/17,218.02,220.5,220.72,218.02
08/15/17,220.5,220.69,222.56,218.46
08/14/17,220.69,215.11,223.41,215.11
08/11/17,215.11,211.16,217.52,211.16
08/10/17,211.16,208.93,214.04,208.23
08/09/17,208.93,206.04,211.67,206.04
08/07/17,206.04,204.59,207.83,204.53
08/04/17,204.59,205.73,207.51,203.22
08/03/17,205.73,205.34,207.86,205.34
08/02/17,205.34,204.86,207.36,204.37
08/01/17,204.86,208.2,208.28,203.92
07/31/17,208.2,208.75,210.14,205.4
07/28/17,208.75,205.17,210.99,205.17
07/27/17,205.17,205.07,209.08,205.07
07/26/17,205.07,203.12,206.21,202.64
07/25/17,203.12,201.66,205.03,201.62
07/24/17,201.66,200.78,202.98,200.78
07/21/17,200.78,199.36,202.42,199.08
07/20/17,199.36,198.87,200.85,197.25
07/19/17,198.87,199.04,200.53,198.52
07/18/17,199.04,198.59,200.52,197.72
07/17/17,198.59,196.67,199.91,196.67
07/14/17,196.67,195.95,199.23,195.73
07/13/17,195.95,195.19,197.5,194.63
07/12/17,195.19,194.79,196.02,194.45
07/11/17,194.79,194.52,197.12,194.47
07/10/17,194.52,194.95,195.85,194.2
07/07/17,194.95,193.95,196.58,193.95
07/06/17,193.95,193.7,195.42,191.66
07/05/17,193.7,194.6,195.44,192.82
07/04/17,194.6,195.74,196.75,193.81
07/03/17,195.74,195.26,197.05,193.48
06/30/17,195.26,195.93,197.94,191.76
06/29/17,195.93,196.45,197.74,195.42
06/28/17,196.45,198.1,198.11,195.68
06/27/17,198.1,197.7,199.38,196.63
06/23/17,197.7,197.61,198.63,196.21
06/22/17,197.61,197.16,199.12,196.7
06/21/17,197.16,195.61,199.56,194.72
06/20/17,195.61,195.19,197.45,193.83
06/19/17,195.19,197.03,198.64,194.72
06/16/17,197.03,196.33,199.02,195.71
06/15/17,196.33,194.74,197.41,194.74
06/14/17,194.74,195.5,197.33,194.64
06/13/17,195.5,193.46,196.81,192.65
06/12/17,193.46,193.88,195.54,192.37
06/09/17,193.88,192.75,195.03,191.57
06/08/17,192.75,192.67,194.33,191.94
06/07/17,192.67,191.19,193.98,190.97
06/06/17,191.19,193.34,194.08,191.1
06/05/17,193.34,193.18,195.48,190.56
06/02/17,193.18,191.12,196.45,191.08
05/31/17,191.12,186.1,194.6,186.1
05/30/17,186.1,186.48,189.17,184.7
05/29/17,186.48,188.67,189.1,185.17
05/26/17,188.67,188.27,190.46,187.98
05/25/17,188.27,185.31,190.04,185.31
05/24/17,185.31,181.16,188.18,181.13
05/23/17,181.16,180.46,182.8,180.32
05/22/17,180.46,178.57,181.3,178.57
05/19/17,178.57,177.71,180.33,177.13
05/18/17,177.71,175.06,181.01,175.06
05/17/17,175.06,174.92,177.03,174.17
05/16/17,174.92,175.02,176.52,173.46
05/15/17,175.02,174.68,177.31,174
05/12/17,174.68,174.07,176.78,173.3
05/11/17,174.07,171.81,175.99,170.49
05/10/17,171.81,171.59,173.93,169.99
05/09/17,171.59,172.29,174.13,170.78
05/08/17,172.29,171.16,173.9,169.75
05/05/17,171.16,170.11,172.82,170.11
05/04/17,170.11,168.62,171.24,168.47
05/03/17,168.62,168.4,170.33,168.23
05/02/17,168.4,166.94,168.89,166.92
04/28/17,166.94,167.83,168.74,166.67
04/27/17,167.83,168.17,169.48,167.81
04/26/17,168.17,166.98,168.96,166.54
04/25/17,166.98,169.63,169.63,166.52
04/24/17,169.63,169.32,170.56,169.12
04/21/17,169.32,169.16,170.68,169.08
04/20/17,169.16,168.76,171.45,168.43
04/19/17,168.76,168.11,169.39,167.08
04/18/17,168.11,170.21,171.52,167.2
04/13/17,170.21,169.04,172.36,169.04
04/12/17,169.04,167.21,170.77,167.2
04/11/17,167.21,168.47,170.55,167.21
04/10/17,168.47,167.96,171.5,167.79
04/07/17,167.96,167.43,171.21,166.77
04/06/17,167.43,165.5,169.36,165.22
04/05/17,165.5,165.27,169.07,164.98
04/04/17,165.27,165.43,168.44,164.09
04/03/17,165.43,164.95,167.31,163.96
03/31/17,164.95,164.77,166.14,164.11
03/30/17,164.77,164.02,166.47,164.02
03/29/17,164.02,164.27,165.26,162.02
03/28/17,164.27,163.6,165.49,163.36
03/27/17,163.6,161.67,165.17,161.67
03/24/17,161.67,161.13,163.23,160.72
03/23/17,161.13,160.52,162.52,160.44
03/22/17,160.52,159.62,162.24,159.62
03/21/17,159.62,159.27,161.29,159.13
03/20/17,159.27,157.14,160.13,156.49
03/17/17,157.14,154.7,158.57,154.7
03/16/17,154.7,154.78,155.85,154.18
03/15/17,154.78,157.06,157.33,153.91
03/14/17,157.06,154.73,159.69,154.22
03/13/17,154.73,151.2,156.98,151.2
03/10/17,151.2,147.57,154.35,147.57
03/09/17,147.57,147.12,150.18,146.2
03/08/17,147.12,147.38,149.14,146.46
03/07/17,147.38,148.26,148.76,147.38
03/06/17,148.26,148.52,149.26,147.89
03/03/17,148.52,148.73,149.17,147.65
03/02/17,148.73,149.01,150.75,148.06
03/01/17,149.01,151.97,152.56,147.23
02/28/17,151.97,153.66,154.05,151.97
02/27/17,153.66,154.35,155.24,152.89
02/24/17,154.35,153.82,155.39,153.78
02/23/17,153.82,152.75,155.59,152.74
02/22/17,152.75,151.97,154.22,151.66
02/21/17,151.97,151.81,152.82,151.63
02/20/17,151.81,152.34,153.17,151.46
02/17/17,152.34,153.25,154.96,151.86
02/16/17,153.25,153.17,154.73,152.7
02/15/17,153.17,153.35,154.37,151.99
02/14/17,153.35,153.99,154.61,153.05
02/13/17,153.99,154.49,154.5,153.07
02/10/17,154.49,154.55,156.05,154.23
02/09/17,154.55,154.38,155.98,153.6
02/08/17,154.38,153.54,155.4,152.81
02/07/17,153.54,153.02,155.64,152.54
02/06/17,153.02,151.55,154.34,151.55
02/03/17,151.55,150.13,153.48,150.12
02/02/17,150.13,149.01,151.94,149
02/01/17,149.01,148.11,150.42,147.97
01/31/17,148.11,146.77,149.44,146.77
01/30/17,146.77,148.25,148.79,146.74
01/27/17,148.25,149.35,150.06,147.93
01/26/17,149.35,150.28,150.7,149.35
01/25/17,150.28,151.09,151.68,149.78
01/24/17,151.09,152.38,153.42,150.88
01/23/17,152.38,152.42,153.19,151.9
01/20/17,152.42,152.44,153.7,152.02
01/19/17,152.44,152.03,153.55,152.03
01/18/17,152.03,152.81,153.98,152.03
01/17/17,152.81,152.71,154.23,151.8
01/16/17,152.71,151.82,154.66,151.68
01/13/17,151.82,152.86,153.54,151.28
01/12/17,152.86,154.95,154.95,151.91
01/11/17,154.95,156.72,157.77,152.99
01/10/17,156.72,158.93,159.31,155.89
01/09/17,158.93,160.73,161.61,157.91
01/06/17,160.73,163.65,164.29,160.03
01/05/17,163.65,164.83,165.07,162.74
01/04/17,164.83,165.49,165.9,164.27
01/03/17,165.49,166.2,167.27,165.16
12/30/16,166.2,163.41,167.38,163.21
12/29/16,163.41,163.69,164.66,163.08
12/28/16,163.69,164.3,166.34,163.27
12/23/16,164.3,163.96,165.55,162.94
12/22/16,163.96,162.93,164.99,162.77
12/21/16,162.93,163.2,165,162.65
12/20/16,163.2,163.14,164.27,162.43
12/19/16,163.14,162.83,164.68,162.45
12/16/16,162.83,163.13,164.3,162.79
12/15/16,163.13,163.83,164.28,163.04
12/14/16,163.83,164.13,166,162.81
12/13/16,164.13,164.63,165.25,163.34
12/09/16,164.63,166.28,168.28,163.91
12/08/16,166.28,167.6,168.47,165.25
12/07/16,167.6,168.08,169.37,167.16
12/06/16,168.08,169.57,171.21,167.39
12/05/16,169.57,170.2,171.14,169.17
12/02/16,170.2,170.4,171.95,169.75
12/01/16,170.4,170.77,171.99,170.12
11/30/16,170.77,171.06,172.67,170.6
11/29/16,171.06,172.13,172.82,171.05
11/28/16,172.13,172.83,173.45,171.4
11/25/16,172.83,174.71,174.97,172.41
11/24/16,174.71,173.59,176.16,173.12
11/23/16,173.59,173.8,175.34,172.94
11/22/16,173.8,174.12,175.1,173.8
11/21/16,174.12,174.77,176.28,173.86
11/18/16,174.77,176.43,177.82,174.77
11/17/16,176.43,176.38,180.34,175.33
11/16/16,176.38,175.39,178.91,175.37
11/15/16,175.39,175.5,177.34,174.23
11/14/16,175.5,175.44,177,174.68
11/11/16,175.44,174.99,177.47,174.17
11/10/16,174.99,173.61,177.17,173.16
11/09/16,173.61,175.58,175.82,171.91
11/08/16,175.58,175.81,176.77,174.62
11/07/16,175.81,177,178.07,175.24
11/04/16,177,176.56,179.05,175.6
11/03/16,176.56,174.44,178.1,174.44
11/02/16,174.44,172.34,176.25,171.53
11/01/16,172.34,170.78,176.21,170.57
10/31/16,170.78,170.89,171.81,169.66
10/28/16,170.89,170.68,172.04,170.66
10/27/16,170.68,170.55,171.67,170.19
10/26/16,170.55,170.41,171.77,170.15
10/25/16,170.41,170.53,171.73,170.07
10/24/16,170.53,169.36,172,169.36
10/21/16,169.36,169.94,171.36,169.12
10/19/16,169.94,170.43,170.89,169.55
10/18/16,170.43,169.57,171.99,169.57
10/17/16,169.57,171.7,172.11,168.95
10/14/16,171.7,171.13,173.55,170.68
10/13/16,171.13,170.94,172.56,170.07
10/12/16,170.94,171.57,172.54,170.19
10/11/16,171.57,172.65,175.19,170.96
10/10/16,172.65,172.29,174.67,172.23
10/07/16,172.29,172.21,173.82,171.88
10/06/16,172.21,173.17,173.5,171.48
10/05/16,173.17,173.27,176.02,172.74
10/04/16,173.27,174.37,176.85,172.57
10/03/16,174.37,171.63,176.29,171.03
09/30/16,171.63,169.25,173.06,169.1
09/29/16,169.25,166.67,171.62,166.67
09/28/16,166.67,166.62,169.55,165.26
09/27/16,166.62,165.84,167.83,165.36
09/26/16,165.84,165.98,167.21,165.12
09/23/16,165.98,164.64,166.77,164.2
09/22/16,164.64,163.51,166.23,162.45
09/21/16,163.51,162.9,164.17,162.72
09/20/16,162.9,162.74,164.11,162.67
09/19/16,162.74,161.05,163.31,161.05
09/16/16,161.05,161.2,162.85,160.77
09/15/16,161.2,160.91,162.42,160.76
09/14/16,160.91,161.27,162.19,160.59
09/13/16,161.27,161.14,162.72,160.04
09/12/16,161.14,161.14,161.14,161.14
09/09/16,161.14,159.6,163.36,159.6
09/08/16,159.6,159.1,161.68,159.07
09/07/16,159.1,158.56,160.48,158.41
09/06/16,158.56,158.04,159.98,158.04
09/05/16,158.04,160.9,161.06,156
09/02/16,160.9,161.33,162.21,160.29
09/01/16,161.33,163.07,165.28,161.24
08/31/16,163.07,159.1,165.32,158.93
08/30/16,159.1,159.95,163.13,158.23
08/29/16,159.95,164.47,164.47,159.29
08/26/16,164.47,171.85,171.85,164.19
08/25/16,171.85,181.7,181.7,168.96
08/24/16,181.7,181.35,184.2,180.55
08/23/16,181.35,180.45,183.08,179.4
08/22/16,180.45,183.39,183.64,179.86
08/19/16,183.39,184.21,184.78,181.06
08/18/16,184.21,184.47,185.56,183.51
08/17/16,184.47,183.69,185.97,183.69
08/16/16,183.69,180.99,185.94,180.99
08/15/16,180.99,180.5,182.43,180.11
08/12/16,180.5,180.1,181.48,179.83
08/11/16,180.1,180.09,181.14,179.68
08/10/16,180.09,180.01,181.15,179.72
08/09/16,180.01,179.99,181.73,179.53
08/08/16,179.99,180.23,180.69,179.46
08/05/16,180.23,179.81,181.83,179.61
08/04/16,179.81,182.11,182.6,178.36
08/03/16,182.11,181.62,184.1,180.59
08/02/16,181.62,179.66,185.76,179.66
08/01/16,179.66,179.4,180.93,177.54
07/29/16,179.4,179.1,180.34,178.53
07/28/16,179.1,177.61,179.98,176.75
07/27/16,177.61,176.26,178.62,175.39
07/26/16,176.26,173.55,177.83,173.55
07/25/16,173.55,172.87,175.19,172.72
07/22/16,172.87,173.37,174.21,172.82
07/21/16,173.37,173.54,174.73,172.91
07/20/16,173.54,172.4,174.91,172.23
07/19/16,172.4,171.84,174.17,171.83
07/18/16,171.84,173.31,173.31,170.79
07/15/16,173.31,173.83,174.32,172.68
07/14/16,173.83,174.81,175.1,173.07
07/13/16,174.81,174.76,175.59,173.88
07/12/16,174.76,176.69,176.97,174.34
07/11/16,176.69,177.75,177.75,175.91
07/08/16,177.75,177.7,178.93,177.09
07/06/16,177.7,176.95,178.77,176.19
07/05/16,176.95,176.85,178.24,174.93
07/04/16,176.85,177.11,177.8,175.9
07/01/16,177.11,177.5,178.38,176.81
06/30/16,177.5,176.18,179.09,176.18
06/29/16,176.18,176.47,178.66,175.46
06/28/16,176.47,177.16,178.51,175.74
06/27/16,177.16,178.99,178.99,176.15
06/24/16,178.99,182.29,182.63,178.12
06/23/16,182.29,183.66,183.98,181.08
06/22/16,183.66,185.17,185.26,183.24
06/21/16,185.17,186.1,186.34,184.56
06/20/16,186.1,186.4,187.25,185.03
06/17/16,186.4,186.77,187.42,185.34
06/16/16,186.77,185.84,188.61,185
06/15/16,185.84,184.76,186.17,184.64
06/14/16,184.76,185.4,186.17,183.23
06/13/16,185.4,186.39,187.03,184.91
06/10/16,186.39,185.4,187.26,185.12
06/09/16,185.4,184.57,186.54,184.09
06/08/16,184.57,183.84,185.72,183.02
06/07/16,183.84,182.74,184.98,182.74
06/06/16,182.74,182.63,183.68,182.18
06/03/16,182.63,182.46,184.36,178.71
06/02/16,182.46,182.67,184.64,181.57
05/31/16,182.67,183.68,184.14,180.69
05/30/16,183.68,184.96,185.54,183.63
05/27/16,184.96,185.03,186.14,184.19
05/26/16,185.03,185.49,185.96,183.48
05/25/16,185.49,186.71,187.03,184.36
05/24/16,186.71,186.57,187.74,185.96
05/23/16,186.57,186.83,187.47,186.31
05/20/16,186.83,186.54,187.75,186.26
05/19/16,186.54,186.3,187.7,186.26
05/18/16,186.3,185.51,187.15,185.25
05/17/16,185.51,186.91,187.56,185.05
05/16/16,186.91,187.41,187.95,184.54
05/13/16,187.41,187.15,188.5,187.13
05/12/16,187.15,186.44,188.28,185.76
05/11/16,186.44,185.31,187.32,185.13
05/10/16,185.31,184.88,187.03,184.8
05/09/16,184.88,185.09,185.91,184.27
05/06/16,185.09,185.05,186.78,184.33
05/05/16,185.05,185.15,185.86,182.39
05/04/16,185.15,187.27,187.28,184.27
05/03/16,187.27,187.81,188.59,186.46
04/29/16,187.81,187.31,188.61,187.06
04/28/16,187.31,185.96,188.57,185.16
04/27/16,185.96,186.06,186.98,183.99
04/26/16,186.06,185.88,186.81,185.88
04/25/16,185.88,186.93,187.15,185.79
04/22/16,186.93,186.01,187.59,185.85
04/21/16,186.01,184.73,187.02,184.73
04/20/16,184.73,183.91,187.07,183.74
04/19/16,183.91,183.74,184.62,183
04/18/16,183.74,183.84,184.68,183.2
04/15/16,183.84,183.25,185.3,182.6
04/14/16,183.25,182.7,183.58,182.53
04/13/16,182.7,182.52,184.15,182.48
04/12/16,182.52,183.86,185.22,182.2
04/11/16,183.86,184.68,185.4,183.86
04/08/16,184.68,186.14,186.62,184.44
04/07/16,186.14,185.24,186.85,184.88
04/06/16,185.24,184.73,186.16,184.62
04/05/16,184.73,185.31,186.36,184.73
04/04/16,185.31,185.45,186.81,184.88
04/01/16,185.45,186.57,186.83,185.18
03/31/16,186.57,185.47,187.27,183.91
03/30/16,185.47,186.07,186.61,185.35
03/29/16,186.07,187.2,187.51,185.34
03/24/16,187.2,186.66,188.22,186.4
03/23/16,186.66,185.6,188.39,185.45
03/22/16,185.6,184.05,187.84,183.68
03/21/16,184.05,185.72,185.72,182.8
03/18/16,185.72,185.57,187.26,184.8
03/17/16,185.57,185.19,186.21,184.38
03/16/16,185.19,184.25,185.72,184.05
03/15/16,184.25,184.67,185.21,184.17
03/14/16,184.67,183.96,185.48,183.96
03/11/16,183.96,183.95,185.15,180.62
03/10/16,183.95,184.49,185.33,183.83
03/09/16,184.49,184.06,185.66,183.94
03/08/16,184.06,187.16,187.35,183.68
03/07/16,187.16,187.1,188.14,184.75
03/04/16,187.1,184.06,187.58,182.21
03/03/16,184.06,182.11,186.87,181.1
03/02/16,182.11,179.27,183.75,179.06
03/01/16,179.27,179.73,181.37,179.2
02/29/16,179.73,179.06,180.91,178.46
02/26/16,179.06,178.68,180.44,177.73
02/25/16,178.68,178.8,180.12,177.16
02/24/16,178.8,179.06,180.08,177.23
02/23/16,179.06,178.37,179.98,178.22
02/22/16,178.37,179.65,179.7,176.22
02/19/16,179.65,178.48,180.26,176.87
02/18/16,178.48,178.63,180.06,178.36
02/17/16,178.63,178.78,179.23,177.78
02/16/16,178.78,178.86,179.74,178.4
02/15/16,178.86,178.98,180.16,178.74
02/12/16,178.98,179.42,180.62,178.88
02/11/16,179.42,179.91,180.56,178.74
02/10/16,179.91,180.55,180.97,179.6
02/09/16,180.55,180.24,181.81,179.84
02/08/16,180.24,179.54,181.42,179.32
02/05/16,179.54,178.59,180.5,178.58
02/04/16,178.59,179.15,180.98,176.3
02/03/16,179.15,176.15,180.67,175.28
02/02/16,176.15,174.77,178.7,174.71
02/01/16,174.77,173.45,176.92,172.75
01/29/16,173.45,172.8,174.37,172.8
01/28/16,172.8,172.43,175.4,172.36
01/27/16,172.43,172.32,174.68,172.08
01/26/16,172.32,172.79,173.64,171.78
01/25/16,172.79,172.46,173.75,172.08
01/22/16,172.46,172.15,173.68,171.58
01/21/16,172.15,174.26,175.22,172.05
01/20/16,174.26,177,177,172.91
01/19/16,177,178.22,179.08,175.88
01/18/16,178.22,179.35,180.92,178.1
01/15/16,179.35,178.51,180.39,178.23
01/14/16,178.51,180.67,180.67,177.03
01/13/16,180.67,180.97,182.11,179.34
01/12/16,180.97,182.83,182.83,180.76
01/11/16,182.83,184.34,186.5,179.68
01/08/16,184.34,186.93,186.97,183.34
01/07/16,186.93,186.58,188.23,185.45
01/06/16,186.58,185.99,187.92,185.68
01/05/16,185.99,185.55,187.19,184.59
01/04/16,185.55,186.25,187.2,184.78
12/31/15,186.25,182.32,186.25,182.32
12/30/15,182.32,182.11,185.96,181.94
12/29/15,182.11,180.94,183.53,180.69
12/28/15,180.94,180.35,182.49,180.35
12/24/15,180.35,180.93,182.11,180.01
12/23/15,180.93,182.52,182.71,178.32
12/22/15,182.52,184.05,184.08,180.44
12/21/15,184.05,183.26,186.1,182.24
12/18/15,183.26,183.02,184.3,181.99
12/17/15,183.02,185.64,185.64,182.28
12/16/15,185.64,183.41,185.89,182.29
12/15/15,183.41,183.65,184.88,183.18
12/14/15,183.65,184.05,184.75,182.3
12/11/15,184.05,184.14,185.25,183.68
12/10/15,184.14,184.45,185.77,183.32
12/09/15,184.45,184.46,186.04,182.81
12/08/15,184.46,183.76,185.72,183.7
12/07/15,183.76,183.33,184.54,182.54
12/04/15,183.33,183.87,184.39,182.55
12/03/15,183.87,184.56,184.66,182.95
12/02/15,184.56,183.81,185.77,183.63
12/01/15,183.81,183.62,185.14,183.36
11/30/15,183.62,184.24,185.96,183.35
11/27/15,184.24,186.94,187.36,181.73
11/25/15,186.94,187.24,188.13,185.48
11/24/15,187.24,188.45,189.16,186.53
11/23/15,188.45,188.07,190.3,187.47
11/20/15,188.07,187.4,189.27,186.23
11/19/15,187.4,185.47,188.41,185.47
11/18/15,185.47,184.83,187.57,184.81
11/17/15,184.83,184.34,186.06,184.23
11/16/15,184.34,183.54,185.26,182.6
11/13/15,183.54,184.92,185.94,183.54
11/12/15,184.92,184.29,186.36,183.39
11/11/15,184.29,183.28,185.15,182.71
11/10/15,183.28,182.7,184.98,182.49
11/09/15,182.7,182.55,183.83,182.37
11/06/15,182.55,180.59,184.25,180.59
11/05/15,180.59,177.71,182.28,177.12
11/04/15,177.71,177.99,178.57,176.75
11/03/15,177.99,178.36,179.36,175.66
11/02/15,178.36,179.43,180.12,178.36
10/30/15,179.43,182.23,182.23,178.67
10/29/15,182.23,179.58,184.47,178.75
10/28/15,179.58,179.79,181.54,179
10/27/15,179.79,180.69,181.58,179.79
10/26/15,180.69,181.87,182.75,180.69
10/23/15,181.87,182.02,183.18,181.55
10/22/15,182.02,181.54,182.47,180.6
10/21/15,181.54,180.04,182.74,179.99
10/19/15,180.04,178.03,181.33,177.93
10/16/15,178.03,177.21,179.74,176.64
10/15/15,177.21,176.46,179.35,174.87
10/14/15,176.46,182.94,182.94,175.18
10/13/15,182.94,184.72,184.78,178.83
10/12/15,184.72,186,186.19,184.07
10/09/15,186,187.05,188.06,185.16
10/08/15,187.05,187.18,188.21,186.47
10/07/15,187.18,187.08,189.03,186.59
10/06/15,187.08,187.54,188.5,187.08
10/05/15,187.54,187.16,189.26,186.74
10/02/15,187.16,190.52,191.05,186.74
10/01/15,190.52,192.72,193.21,189.15
09/30/15,192.72,193.13,194.74,192.63
09/29/15,193.13,196.05,196.31,192.86
09/28/15,196.05,196.67,197.23,195.62
09/25/15,196.67,196.55,198.17,195.62
09/24/15,196.55,194.81,197.92,194.53
09/23/15,194.81,194.22,195.95,193.95
09/22/15,194.22,193.37,195.72,192.98
09/21/15,193.37,194.03,195.67,192.57
09/18/15,194.03,195.29,197.23,193.27
09/17/15,195.29,196.86,197.62,194.2
09/16/15,196.86,196.64,199.29,195.61
09/15/15,196.64,194.06,198.42,193.54
09/14/15,194.06,192.23,195.45,191.82
09/11/15,192.23,192.45,193.59,191.62
09/10/15,192.45,190.29,193.8,189.45
09/09/15,190.29,189.32,192.19,189.26
09/08/15,189.32,188.23,190.87,187.74
09/07/15,188.23,186.83,189.49,186.33
09/04/15,186.83,186.61,189.42,182.3
09/03/15,186.61,184.45,188.47,184.45
09/02/15,184.45,185,186.52,183.2
09/01/15,185,183.59,186.64,183.59
08/31/15,183.59,179.73,186.63,179.63
08/28/15,179.73,174.92,182.39,174.92
08/27/15,174.92,178.23,178.23,173.72
08/26/15,178.23,183.15,183.15,175.82
08/25/15,183.15,187.94,188.14,181
08/24/15,187.94,191.57,191.71,186.82
08/21/15,191.57,192.97,194.76,190.51
08/20/15,192.97,193.81,195.98,192.2
08/19/15,193.81,195.18,195.7,193.81
08/18/15,195.18,196.31,196.38,194.16
08/17/15,196.31,196.62,197.28,195.64
08/14/15,196.62,198.08,198.42,196.22
08/13/15,198.08,200.37,200.67,197.48
08/12/15,200.37,201.7,202.19,196.98
08/11/15,201.7,200.45,203.26,199.52
08/10/15,200.45,197.03,201.29,197.03
08/07/15,197.03,188.92,198.77,188.92
08/06/15,188.92,187.79,192.94,187.6
08/05/15,187.79,188.48,189.42,186.5
08/04/15,188.48,189.24,190.37,188.11
08/03/15,189.24,192,192.86,188.78
07/31/15,192,195.54,197.44,187.82
07/30/15,195.54,197.39,198.6,194.68
07/29/15,197.39,200.04,200.7,196.78
07/28/15,200.04,200.32,201.73,198.57
07/27/15,200.32,199.91,201.61,195.2
07/24/15,199.91,201.62,203.33,199.38
07/23/15,201.62,204.71,205.32,200.06
07/22/15,204.71,205.16,208.01,204.45
07/21/15,205.16,205.27,207.9,204.63
07/20/15,205.27,204.38,206.08,203.98
07/17/15,204.38,205.08,205.78,204.38
07/16/15,205.08,207.97,208.24,204.72
07/15/15,207.97,207.41,209.5,204.24
07/14/15,207.41,208.8,210.44,206.55
07/13/15,208.8,208.42,212.82,208.42
07/10/15,208.42,208.1,210,207.68
07/09/15,208.1,209.57,209.95,207.25
07/08/15,209.57,211.97,213.25,208.78
07/07/15,211.97,211.76,214.11,210.98
07/06/15,211.76,211.63,212.8,208.4
07/03/15,211.63,211.82,213.14,211.44
07/02/15,211.82,213.58,214.81,211.53
07/01/15,213.58,216.95,217.47,213.03
06/30/15,216.95,215.28,217.31,214.93
06/29/15,215.28,214.52,216.45,214.49
06/26/15,214.52,214.8,215.77,213.74
06/25/15,214.8,214.84,216.02,214.49
06/24/15,214.84,214.64,216.75,214.18
06/23/15,214.64,215.8,216.35,214.36
06/22/15,215.8,215.17,217.24,214.31
06/19/15,215.17,215.78,216.64,215.17
06/18/15,215.78,216.02,217.15,215.69
06/17/15,216.02,216.64,217.73,215.75
06/16/15,216.64,217.31,217.75,216.34
06/15/15,217.31,217.39,218.66,217.27
06/12/15,217.39,217.18,218.51,217.16
06/11/15,217.18,217.7,218.22,216.92
06/10/15,217.7,217.97,219.31,217.68
06/09/15,217.97,217.9,219.43,217.56
06/08/15,217.9,219.18,219.85,217.17
06/05/15,219.18,219.77,220.9,218.12
06/04/15,219.77,219.19,220.67,217.95
06/03/15,219.19,218.09,220.72,217.92
06/02/15,218.09,214.39,221,214.39
05/29/15,214.39,213.99,218.89,213.99
05/28/15,213.99,215.27,216.82,213.37
05/27/15,215.27,217.43,218.28,213.99
05/26/15,217.43,218.01,219.02,213.68
05/25/15,218.01,218.01,218.01,218.01
05/22/15,218.12,219.72,219.77,218.01
05/21/15,219.72,221.56,221.9,219.72
05/20/15,221.56,221.06,224.15,220.4
05/19/15,221.06,221.19,223.13,221.06
05/18/15,221.19,220.97,224.05,220.97
05/15/15,220.97,220.16,222.38,219.22
05/14/15,220.16,219.13,221.9,219.13
05/13/15,219.13,222.05,223.23,217.05
05/12/15,222.05,224.07,224.65,220.45
05/11/15,224.07,225.52,227.64,223.57
05/08/15,225.52,224.6,227.49,224.15
05/07/15,224.6,228.27,229.98,223.5
05/06/15,228.27,230.87,232.05,227.62
05/05/15,230.87,230.62,231.95,230.29
05/04/15,230.62,229.81,232.57,229.81
04/30/15,229.81,228.82,231.21,228.75
04/29/15,228.82,228.57,230.84,228.22
04/28/15,228.57,228.9,229.68,226.97
04/27/15,228.9,229.67,230.76,228.04
04/24/15,229.67,229.4,231.28,228.23
04/23/15,229.4,228.12,230.77,227.79
04/22/15,228.12,230.57,230.57,226.71
04/21/15,230.57,230.3,232.17,226.95
04/20/15,230.3,230.18,232.1,229.89
04/17/15,230.18,228.84,231.3,228.83
04/16/15,228.84,227.98,229.9,227.56
04/15/15,227.98,228.88,230.04,227.5
04/14/15,228.88,227.69,229.98,227.69
04/13/15,227.69,226.15,228.74,225.81
04/10/15,226.15,225.76,227.82,225.26
04/09/15,225.76,226.79,228.42,225.5
04/08/15,226.79,226.69,228.54,226.19
04/07/15,226.69,229.47,229.87,225.49
04/02/15,229.47,231.52,232.46,228.22
04/01/15,231.52,231.23,233.53,230.47
03/31/15,231.23,231.87,233.76,228.4
03/30/15,231.87,230.58,233.43,230.58
03/27/15,230.58,228.96,232.11,228.94
03/26/15,228.96,228.18,231.82,228.12
03/25/15,228.18,226.93,229.48,226.93
03/24/15,226.93,226.75,228.47,226.36
03/23/15,226.75,228.21,228.21,224.77
03/20/15,228.21,229.71,230.59,227.2
03/19/15,229.71,228.26,230.99,228.06
03/18/15,228.26,226.86,230.08,226.84
03/17/15,226.86,225.85,228.54,223.74
03/16/15,225.85,226.05,227.61,225.53
03/13/15,226.05,226,227.88,225.47
03/12/15,226,226.56,227.12,225.55
03/11/15,226.56,225.77,227.86,225.23
03/10/15,225.77,224.23,227.53,224.23
03/09/15,224.23,225.99,226.21,223.79
03/06/15,225.99,225.19,227.35,225.04
03/05/15,225.19,226.61,228.03,224.97
03/04/15,226.61,226.98,228.46,226.48
03/03/15,226.98,229.35,229.35,226.31
03/02/15,229.35,230.79,231.48,227.65
02/27/15,230.79,231.91,234.57,229.99
02/26/15,231.88,235.43,236.54,231.17
02/25/15,235.43,234.27,237,231.89
02/24/15,234.27,232.8,235.98,232.8
02/23/15,232.8,233.74,235.01,232.8
02/20/15,233.74,233.07,236.15,233.07
02/19/15,233.07,231,235.51,231
02/18/15,231,229.6,232.94,229.6
02/17/15,229.6,228.97,231.15,228.93
02/16/15,228.97,227.9,230.27,227.12
02/13/15,227.9,227.8,229.62,227.11
02/12/15,227.8,226.68,231.14,225.87
02/11/15,226.68,225.4,228.71,223.66
02/10/15,225.4,225.38,227.28,224.27
02/09/15,225.38,224.91,227.57,224.68
02/06/15,224.91,225.04,226.15,224.34
02/05/15,225.04,224.68,226.58,224.66
02/04/15,224.68,223.67,226.97,223.67
02/03/15,223.67,222.66,225.67,222.66
02/02/15,222.66,222.27,224.36,222.04
01/30/15,222.27,221.5,223.77,221.47
01/29/15,221.5,222.39,224.07,221.31
01/28/15,222.39,222.54,227.17,222.39
01/27/15,222.54,223.02,224.1,221.99
01/26/15,223.02,224.27,225.26,221.72
01/23/15,224.27,220.73,226.25,220.39
01/22/15,220.73,218.85,222.57,218.85
01/21/15,218.85,218.99,221.87,217.77
01/20/15,218.99,221.78,221.91,218.86
01/19/15,221.78,222.31,223.2,220.73
01/16/15,222.31,219.85,224.04,219.53
01/15/15,219.85,220.74,221.44,219.4
01/14/15,220.74,218.2,222.41,217.04
01/13/15,218.2,214.01,220.55,213.89
01/12/15,214.01,214.05,215.59,213.48
01/09/15,214.05,214.05,215.68,212.07
01/08/15,214.05,214.17,215.38,213.38
01/07/15,214.17,214.67,215.15,213.66
01/06/15,214.67,215.13,216.23,214.17
01/05/15,215.13,216.37,218.25,214.22
01/04/15,216.37,216.37,216.37,216.37
01/02/15,216.37,216.42,218.81,215.2
12/31/14,216.42,218.7,220.6,214.39
12/30/14,218.7,216.05,220.48,216.05
12/29/14,216.05,212.36,217.87,212.35
12/28/14,212.36,212.36,212.36,212.36
12/24/14,212.36,209.65,214.48,208.82
12/23/14,209.65,206.23,211.04,206.23
12/22/14,206.23,204.49,208.59,203.35
12/19/14,204.49,206.64,208.79,203.8
12/18/14,206.64,212.82,214.1,205.53
12/17/14,212.82,215.78,216.74,209.16
12/16/14,215.78,215.79,217.44,215.12
12/15/14,215.79,216.6,217.56,213.01
12/14/14,216.6,216.6,216.6,216.6
12/11/14,216.6,219.66,219.85,215.14
12/10/14,219.66,220.85,221.68,217.28
12/09/14,220.85,221.87,223.22,220.72
12/08/14,221.87,220.54,224.73,219.38
12/05/14,220.54,219.72,222.62,219.16
12/04/14,219.72,218.25,221.19,217.73
12/03/14,218.25,216.75,220.47,216.6
12/02/14,216.75,216.21,217.9,215.33
12/01/14,216.21,214.99,217.82,214.77
11/28/14,214.99,215.41,216.69,213.54
11/27/14,215.41,212.64,217.16,212.17
11/26/14,212.64,209.66,214.04,209.18
11/25/14,209.66,209.99,210.67,208.37
11/24/14,209.99,211.39,211.39,207.7
11/21/14,211.39,211.32,212.85,211.2
11/20/14,211.32,211.92,212.63,211.05
11/19/14,211.92,212.37,212.92,211.07
11/18/14,212.37,213.09,213.92,211.79
11/17/14,213.09,214,214.7,212.84
11/16/14,214,214,214,214
11/14/14,214,212.37,215.34,211.75
11/13/14,212.37,211.19,213.98,210.5
11/12/14,211.19,208.8,213.6,208.35
11/11/14,208.8,206.51,210.11,206.51
11/10/14,206.51,205.91,208.36,204.25
11/07/14,205.91,205.67,207.37,205.67
11/06/14,205.67,205.95,207.11,203.16
11/05/14,205.95,206.25,207.58,205.69
11/04/14,206.25,207.84,208.02,205.36
11/03/14,207.84,207.21,208.87,207.13
10/31/14,207.21,207.78,209.33,206.75
10/30/14,207.78,207.88,209.25,206.97
10/29/14,207.88,206.46,208.8,206.46
10/28/14,206.46,205.68,208.46,205.68
10/27/14,205.68,207.84,209.13,205.1
10/24/14,207.84,209.2,210.18,206.94
10/23/14,209.2,208.87,210.52,208.87
10/22/14,208.87,207.73,211,207.73
10/21/14,207.73,209.03,209.55,207.4
10/17/14,209.03,210.84,211.99,208.62
10/16/14,210.84,210.45,213.36,210.33
10/15/14,210.45,210.32,211.86,209.41
10/14/14,210.32,210.47,211.7,210.32
10/13/14,210.47,211.28,212.23,210.4
10/10/14,211.28,212.39,212.55,211.17
10/09/14,212.39,213.65,213.85,211.59
10/08/14,213.65,213.56,215.8,212.88
10/07/14,213.56,213.87,215.56,213.5
10/06/14,213.87,214.28,216.04,212.76
10/03/14,214.28,213.26,216.16,212.08
10/02/14,213.26,214.86,215.35,212.34
10/01/14,214.86,214.86,216.76,214.17
09/30/14,214.86,216.15,217,214.71
09/29/14,216.15,214.42,217.57,214.42
09/27/14,214.42,214.42,214.42,214.42
09/26/14,214.42,212.81,216.71,212.81
09/25/14,212.81,216.39,217.84,210.99
09/24/14,216.39,223.01,223.02,214.94
09/23/14,223.01,222.84,228.58,218.54
09/22/14,222.84,218.96,225.41,218.79
09/19/14,218.96,215.41,221.23,215.41
09/18/14,215.41,212.43,218.38,212.43
09/17/14,212.43,215,215.26,211.15
09/16/14,215,213.7,216.88,212.68
09/15/14,213.7,210.41,215.9,210.39
09/13/14,210.41,210.41,210.41,210.41
09/12/14,210.41,209.24,213.32,208.91
09/11/14,209.24,209.17,210.57,208.74
09/10/14,209.17,209.22,210.5,208.97
09/09/14,209.22,210.29,210.94,209.22
09/08/14,210.29,209.37,211.32,209.37
09/05/14,209.37,209.89,210.55,208.81
09/04/14,209.89,211.25,211.88,208.86
09/03/14,211.25,210.32,212.47,210.32
09/02/14,210.32,208.87,211.92,208.86
09/01/14,208.87,206.79,210.4,206.79
08/31/14,206.79,206.79,206.79,206.79
08/29/14,206.79,204.78,208.5,204.78
08/28/14,204.78,204.89,205.65,204.78
08/27/14,204.89,204.96,206.3,204.7
08/26/14,204.96,205,206.15,204.85
08/25/14,204.96,205,206.15,204.85
08/22/14,205,205.35,206.55,205
08/21/14,205.35,205.37,206.87,205.35
08/20/14,205.37,205.22,206.95,204.34
08/19/14,205.22,205.43,206.08,204.73
08/18/14,205.43,205.15,206.76,203.97
08/15/14,205.15,205.32,207.07,204.53
08/14/14,205.32,203.92,206.2,203.63
08/13/14,203.92,203.12,205.19,203.12
08/12/14,203.12,203.52,204.47,202.73
08/11/14,203.52,204.17,204.17,203.52
08/10/14,204.17,204.17,204.17,204.17
08/08/14,204.17,206.42,207.09,203.82
08/07/14,206.42,209.33,209.33,205.8
08/06/14,209.33,207.78,210.24,207.78
08/05/14,207.78,204.37,210.31,204.37
08/04/14,204.37,202.53,205.78,202.53
08/02/14,202.53,202.53,202.53,202.53
08/01/14,202.53,200.51,203.81,200.51
07/31/14,200.51,199.7,202.99,199.7
07/30/14,199.7,197.58,201.48,197.58
07/28/14,197.58,198.1,199.27,197.45
07/27/14,198.1,198.1,198.1,198.1
07/25/14,198.1,198.27,199.49,196.11
07/24/14,198.27,199.66,200.17,197.32
07/23/14,199.66,199.54,200.85,198.51
07/22/14,199.54,200.15,200.8,199.04
07/21/14,200.15,200.69,202.67,199.14
07/20/14,200.69,200.69,200.69,200.69
07/18/14,200.69,200.35,202.15,199.25
07/17/14,200.35,200.01,201.77,200
07/16/14,200.01,199.25,201.3,197.77
07/15/14,199.25,198.72,200.47,198.72
07/14/14,198.72,197.72,200.45,197.36
07/12/14,197.72,197.72,197.72,197.72
07/11/14,197.72,199.21,199.81,197.05
07/10/14,199.21,200.04,200.69,199.21
07/09/14,200.04,200.82,201.4,199.31
07/08/14,200.82,200.19,201.81,199.95
07/07/14,200.19,200.35,201.38,200.01
07/04/14,200.35,201.75,202.53,200.2
07/03/14,201.75,203.5,203.62,200.75
07/02/14,203.5,201.46,205.41,201.46
07/01/14,201.46,196.88,203.87,195.79
06/30/14,198.03,196.88,200.33,195.79
06/27/14,196.88,195.54,198.24,195.44
06/26/14,195.54,195.49,196.38,194.47
06/25/14,195.49,195.14,196.29,194.55
06/24/14,195.14,195.48,196.19,194.36
06/23/14,195.48,195.24,196.61,194.82
06/20/14,195.24,195.11,196.06,195.03
06/19/14,195.11,194.58,195.92,194.33
06/18/14,194.58,193.9,195.53,193.18
06/17/14,193.9,195.02,195.08,193.3
06/16/14,195.02,195.11,197.13,193.73
06/13/14,195.11,194.63,196.42,194.16
06/12/14,194.63,195.26,195.82,194.57
06/11/14,195.26,195.25,196.18,194.12
06/10/14,195.25,193.59,197.08,193.59
06/09/14,193.59,193.16,194.73,192.94
06/06/14,193.16,192.98,194.67,192.7
06/05/14,192.98,192.86,194.29,192.43
06/04/14,192.86,192.24,193.45,191.55
06/03/14,192.24,194.03,194.17,191.81
05/30/14,194.03,193.28,195.15,192.71
05/29/14,193.28,191.47,194.87,191.47
05/28/14,191.47,191.31,192.44,191.25
05/27/14,191.31,191.55,192.63,190.74
05/26/14,191.55,191.71,192.84,188.96
05/25/14,191.71,191.71,191.71,191.71
05/23/14,191.71,191.73,192.91,191.06
05/22/14,191.73,191.66,192.65,190.84
05/21/14,191.66,191.83,192.72,191.36
05/20/14,191.83,192.07,192.96,191.5
05/19/14,192.07,193.57,194,191.67
05/16/14,193.57,194.15,194.68,193.37
05/15/14,194.15,195.02,195.7,193.61
05/14/14,195.02,196.39,196.59,194.29
05/13/14,196.39,197.44,197.68,195.6
05/12/14,197.44,196.45,198.63,196.25
05/11/14,196.45,196.45,196.45,196.45
05/09/14,196.45,195.64,198.04,195.64
05/08/14,195.64,194.91,197.75,194.39
05/07/14,194.91,194.3,195.5,194.1
05/06/14,194.3,195.13,195.23,193.79
05/05/14,195.13,195.09,196.16,194.13
05/02/14,195.09,193.92,195.7,193.72
04/30/14,193.92,194.12,200.19,192.9
04/29/14,194.12,192.11,195.35,191.93
04/28/14,192.11,191.64,193.13,191.36
04/25/14,191.64,190.73,192.83,190.67
04/24/14,190.73,188.19,191.97,187.72
04/23/14,188.19,186.56,189.61,186.25
04/22/14,186.56,185.43,187.45,184.35
04/17/14,185.43,183.84,186.42,183.63
04/16/14,183.84,182.4,184.99,182.4
04/15/14,182.4,181.25,183.59,181.25
04/14/14,181.25,180.57,182.02,180.29
04/11/14,180.57,179.4,181.81,178.64
04/10/14,179.4,178.69,180.88,178.4
04/09/14,178.69,177.68,179.17,177.67
04/08/14,177.68,178.05,178.74,177.6
04/07/14,178.05,178.34,178.78,177.69
04/04/14,178.34,178.85,179.29,177.43
04/03/14,178.85,178.53,179.52,178.28
04/02/14,178.53,178.31,179.24,178.21
04/01/14,178.31,178.43,179.57,177.49
03/31/14,178.43,178.84,179.72,177.68
03/28/14,178.84,179.02,180.08,178.71
03/27/14,179.02,179.51,180.01,178.51
03/26/14,179.51,179.74,180.2,178.45
03/25/14,179.74,179.29,181.11,178.96
03/24/14,179.29,179.64,180.79,179.01
03/21/14,179.64,178.65,180.62,178.33
03/20/14,178.65,177.45,179.76,176.96
03/19/14,177.45,176.73,178.45,176.73
03/18/14,176.73,177,177.69,175.79
03/17/14,177,178.97,178.97,175.99
03/14/14,178.97,179.7,180.61,178.72
03/13/14,179.7,177.76,180.66,177.76
03/12/14,177.76,177.31,179.21,176.99
03/11/14,177.31,177.08,178.08,176.89
03/10/14,177.08,175.96,178.09,175.8
03/09/14,175.96,175.96,175.96,175.96
03/07/14,175.96,176,177.22,175.96
03/06/14,176,173.81,177.18,173.81
03/05/14,173.81,174.25,174.91,173.47
03/04/14,174.25,174.25,174.25,174.25
03/03/14,174.91,174.91,174.91,174.91
02/28/14,175.17,175.17,175.17,175.17
02/27/14,175.62,175.62,175.62,175.62
02/26/14,175.22,175.22,175.22,175.22
02/25/14,174.7,174.7,174.7,174.7
02/24/14,173.59,173.59,173.59,173.59
02/21/14,171.22,171.22,171.22,171.22
02/20/14,170.02,170.02,170.02,170.02
02/19/14,168.54,168.54,168.54,168.54
02/18/14,170.05,170.05,170.05,170.05
02/17/14,171.21,171.21,171.21,171.21
02/14/14,173.9,173.9,173.9,173.9
02/13/14,174.12,174.12,174.12,174.12
02/12/14,174.48,174.48,174.48,174.48
02/11/14,174.02,174.02,174.02,174.02
02/10/14,172.61,172.61,172.61,172.61
02/07/14,172.17,172.17,172.17,172.17
02/06/14,172.44,172.44,172.44,172.44
02/05/14,171.76,171.76,171.76,171.76
02/04/14,170.71,170.71,170.71,170.71
02/03/14,167.87,167.87,167.87,167.87
01/31/14,168.8,168.8,168.8,168.8
01/30/14,174.88,174.88,174.88,174.88
01/29/14,177.61,177.61,177.61,177.61
01/28/14,180.57,180.57,180.57,180.57
01/27/14,181.88,181.88,181.88,181.88
01/24/14,182.18,182.18,182.18,182.18
01/23/14,179.88,179.88,179.88,179.88
01/22/14,179.99,179.99,179.99,179.99
01/21/14,179.82,179.82,179.82,179.82
01/20/14,178.47,178.47,178.47,178.47
01/17/14,178.12,178.12,178.12,178.12
01/16/14,178.46,178.46,178.46,178.46
01/15/14,179.32,179.32,179.32,179.32
01/14/14,180.24,180.24,180.24,180.24
01/13/14,179.91,179.91,179.91,179.91
01/10/14,180.92,180.92,180.92,180.92
01/09/14,182.28,182.28,182.28,182.28
01/08/14,181.13,181.13,181.13,181.13
01/07/14,180.64,180.64,180.64,180.64
01/06/14,178.25,178.25,178.25,178.25
01/03/14,175.83,175.83,175.83,175.83
01/02/14,174.61,174.61,174.61,174.61
12/31/13,174.27,174.27,174.27,174.27
12/30/13,174.56,174.56,174.56,174.56
12/27/13,173.47,173.47,173.47,173.47
12/24/13,173.26,173.26,173.26,173.26
12/23/13,169.89,169.89,169.89,169.89
12/20/13,169.86,169.86,169.86,169.86
12/19/13,170.17,170.17,170.17,170.17
12/18/13,170.17,170.17,170.17,170.17
12/17/13,170.68,170.68,170.68,170.68
12/16/13,172.25,172.25,172.25,172.25
12/11/13,173.06,173.06,173.06,173.06
12/10/13,173.24,173.24,173.24,173.24
12/09/13,175.33,175.33,175.33,175.33
12/06/13,175.64,175.64,175.64,175.64
12/05/13,177.67,177.67,177.67,177.67
12/04/13,179.84,179.84,179.84,179.84
12/03/13,181.4,181.4,181.4,181.4
12/02/13,181.52,181.52,181.52,181.52
11/29/13,182.17,182.17,182.17,182.17
11/28/13,183.5,183.5,183.5,183.5
11/27/13,184.4,184.4,184.4,184.4
11/26/13,183.4,183.4,183.4,183.4
11/25/13,182.55,182.55,182.55,182.55
11/22/13,181.05,181.05,181.05,181.05
11/21/13,180.3,180.3,180.3,180.3
11/20/13,178.6,178.6,178.6,178.6
11/19/13,177.85,177.85,177.85,177.85
11/18/13,177.77,177.77,177.77,177.77
11/15/13,176.73,176.73,176.73,176.73
11/14/13,176.84,176.84,176.84,176.84
11/13/13,176.26,176.26,176.26,176.26
11/12/13,176.09,176.09,176.09,176.09
11/11/13,175.99,175.99,175.99,175.99
11/08/13,176.25,176.25,176.25,176.25
11/07/13,177.02,177.02,177.02,177.02
11/06/13,177.05,177.05,177.05,177.05
11/05/13,176.96,176.96,176.96,176.96
11/04/13,177.2,177.2,177.2,177.2
11/01/13,177.05,177.05,177.05,177.05
10/31/13,176.15,176.15,176.15,176.15
10/30/13,174.66,174.66,174.66,174.66
10/29/13,173.25,173.25,173.25,173.25
10/28/13,173.25,173.25,173.25,173.25
10/25/13,173.29,173.29,173.29,173.29
10/24/13,174.59,174.59,174.59,174.59
10/23/13,174.62,174.62,174.62,174.62
10/22/13,174.36,174.36,174.36,174.36
10/18/13,174.45,174.45,174.45,174.45
10/17/13,173.31,173.31,173.31,173.31
10/16/13,173.56,173.56,173.56,173.56
10/15/13,173.68,173.68,173.68,173.68
10/14/13,174.55,174.55,174.55,174.55
10/11/13,175.76,175.76,175.76,175.76
10/10/13,176.48,176.48,176.48,176.48
10/09/13,177.43,177.43,177.43,177.43
10/08/13,178.19,178.19,178.19,178.19
10/07/13,174.94,174.94,174.94,174.94
10/04/13,172.26,172.26,172.26,172.26
10/03/13,171.34,171.34,171.34,171.34
10/02/13,170.63,170.63,170.63,170.63
10/01/13,168.77,168.77,168.77,168.77
09/30/13,168.65,168.65,168.65,168.65
09/27/13,166.72,166.72,166.72,166.72
09/26/13,166.23,166.23,166.23,166.23
09/25/13,165.29,165.29,165.29,165.29
09/24/13,164.24,164.24,164.24,164.24
09/23/13,164.28,164.28,164.28,164.28
09/20/13,164.68,164.68,164.68,164.68
09/19/13,163.58,163.58,163.58,163.58
09/18/13,162.54,162.54,162.54,162.54
09/17/13,162.14,162.14,162.14,162.14
09/16/13,161.6,161.6,161.6,161.6
09/13/13,161.98,161.98,161.98,161.98
09/12/13,162.06,162.06,162.06,162.06
09/11/13,162.08,162.08,162.08,162.08
09/10/13,162.16,162.16,162.16,162.16
09/09/13,162.12,162.12,162.12,162.12
09/06/13,161.75,161.75,161.75,161.75
09/05/13,161.31,161.31,161.31,161.31
09/04/13,159.02,159.02,159.02,159.02
09/03/13,157.89,157.89,157.89,157.89
09/02/13,157.37,157.37,157.37,157.37
08/30/13,157.71,157.71,157.71,157.71
08/29/13,158.79,158.79,158.79,158.79
08/28/13,160.62,160.62,160.62,160.62
08/27/13,163.39,163.39,163.39,163.39
08/26/13,164.86,164.86,164.86,164.86
08/23/13,164.96,164.96,164.96,164.96
08/22/13,164.77,164.77,164.77,164.77
08/21/13,165.38,165.38,165.38,165.38
08/20/13,166.78,166.78,166.78,166.78
08/19/13,167.89,167.89,167.89,167.89
08/16/13,168.27,168.27,168.27,168.27
08/15/13,167.34,167.34,167.34,167.34
08/14/13,166.83,166.83,166.83,166.83
08/13/13,166.41,166.41,166.41,166.41
08/12/13,166.8,166.8,166.8,166.8
08/08/13,165.99,165.99,165.99,165.99
08/07/13,164.77,164.77,164.77,164.77
08/06/13,164.33,164.33,164.33,164.33
08/05/13,164.6,164.6,164.6,164.6
08/02/13,164.39,164.39,164.39,164.39
08/01/13,163.93,163.93,163.93,163.93
07/31/13,163.69,163.69,163.69,163.69
07/30/13,165.72,165.72,165.72,165.72
07/29/13,165.05,165.05,165.05,165.05
07/26/13,165.77,165.77,165.77,165.77
07/25/13,165.19,165.19,165.19,165.19
07/24/13,165.03,165.03,165.03,165.03
07/23/13,164.87,164.87,164.87,164.87
07/22/13,165.08,165.08,165.08,165.08
07/19/13,165.47,165.47,165.47,165.47
07/18/13,164.98,164.98,164.98,164.98
07/17/13,164.78,164.78,164.78,164.78
07/16/13,164.69,164.69,164.69,164.69
07/15/13,164.06,164.06,164.06,164.06
07/12/13,162.76,162.76,162.76,162.76
07/11/13,160.44,160.44,160.44,160.44
07/10/13,158.66,158.66,158.66,158.66
07/09/13,157.91,157.91,157.91,157.91
07/08/13,157.04,157.04,157.04,157.04
07/05/13,155.21,155.21,155.21,155.21
07/04/13,153.96,153.96,153.96,153.96
07/03/13,152.9,152.9,152.9,152.9
07/02/13,152.77,152.77,152.77,152.77
07/01/13,153.53,153.53,153.53,153.53
06/28/13,154.12,154.12,154.12,154.12
06/27/13,152.52,152.52,152.52,152.52
06/26/13,153.72,153.72,153.72,153.72
06/25/13,155.1,155.1,155.1,155.1
06/24/13,156.61,156.61,156.61,156.61
06/21/13,158.88,158.88,158.88,158.88
06/20/13,160.43,160.43,160.43,160.43
06/19/13,158.74,158.74,158.74,158.74
06/18/13,156.73,156.73,156.73,156.73
06/17/13,157.93,157.93,157.93,157.93
06/14/13,160.73,160.73,160.73,160.73
06/13/13,164.45,164.45,164.45,164.45
06/12/13,166.48,166.48,166.48,166.48
06/11/13,168.13,168.13,168.13,168.13
06/10/13,169.5,169.5,169.5,169.5
06/07/13,170.26,170.26,170.26,170.26
06/06/13,171.08,171.08,171.08,171.08
06/05/13,171.43,171.43,171.43,171.43
06/04/13,171.65,171.65,171.65,171.65
06/03/13,171.35,171.35,171.35,171.35
05/31/13,171.19,171.19,171.19,171.19
05/30/13,171.68,171.68,171.68,171.68
05/29/13,171.42,171.42,171.42,171.42
05/28/13,172.79,172.79,172.79,172.79
05/27/13,171.77,171.77,171.77,171.77
05/24/13,172.94,172.94,172.94,172.94
05/23/13,175.24,175.24,175.24,175.24
05/22/13,177.29,177.29,177.29,177.29
05/21/13,175.16,175.16,175.16,175.16
05/20/13,173.47,173.47,173.47,173.47
05/17/13,172.9,172.9,172.9,172.9
05/16/13,171.97,171.97,171.97,171.97
05/15/13,169.09,169.09,169.09,169.09
05/14/13,165.56,165.56,165.56,165.56
05/13/13,165.77,165.77,165.77,165.77
05/10/13,165.74,165.74,165.74,165.74
05/09/13,166.66,166.66,166.66,166.66
05/08/13,165.78,165.78,165.78,165.78
05/07/13,164.12,164.12,164.12,164.12
05/06/13,162.76,162.76,162.76,162.76
05/03/13,161.33,161.33,161.33,161.33
05/02/13,160.77,160.77,160.77,160.77
04/30/13,158.64,158.64,158.64,158.64
04/29/13,157.34,157.34,157.34,157.34
04/26/13,157.19,157.19,157.19,157.19
04/25/13,157.29,157.29,157.29,157.29
04/24/13,157.81,157.81,157.81,157.81
04/23/13,157.1,157.1,157.1,157.1
04/22/13,157.71,157.71,157.71,157.71
04/19/13,158.51,158.51,158.51,158.51
04/18/13,159.4,159.4,159.4,159.4
04/17/13,159.57,159.57,159.57,159.57
04/16/13,160.17,160.17,160.17,160.17
04/15/13,160.98,160.98,160.98,160.98
04/12/13,161.12,161.12,161.12,161.12
04/11/13,161.58,161.58,161.58,161.58
04/10/13,161.14,161.14,161.14,161.14
04/08/13,159.15,159.15,159.15,159.15
04/05/13,160.27,160.27,160.27,160.27
04/04/13,160.19,160.19,160.19,160.19
04/03/13,161.84,161.84,161.84,161.84
04/02/13,162.24,162.24,162.24,162.24
03/28/13,157.81,157.81,157.81,157.81
03/27/13,157.07,157.07,157.07,157.07
03/26/13,153.89,153.89,153.89,153.89
03/25/13,151.95,151.95,151.95,151.95
03/22/13,150.83,150.83,150.83,150.83
03/21/13,150.68,150.68,150.68,150.68
03/20/13,151.65,151.65,151.65,151.65
03/19/13,150.88,150.88,150.88,150.88
03/18/13,149.74,149.74,149.74,149.74
03/15/13,149.08,149.08,149.08,149.08
03/14/13,153.62,153.62,153.62,153.62
03/13/13,158.35,158.35,158.35,158.35
03/12/13,161.1,161.1,161.1,161.1
03/11/13,157,157,157,157
03/08/13,149.73,149.73,149.73,149.73
03/07/13,148.51,148.51,148.51,148.51
03/06/13,146.38,146.38,146.38,146.38
03/05/13,145.18,145.18,145.18,145.18
03/01/13,143.92,143.92,143.92,143.92
02/28/13,144.27,144.27,144.27,144.27
02/27/13,143.33,143.33,143.33,143.33
02/26/13,141.83,141.83,141.83,141.83
02/25/13,140.63,140.63,140.63,140.63
02/22/13,140.16,140.16,140.16,140.16
02/21/13,140.05,140.05,140.05,140.05
02/20/13,140.05,140.05,140.05,140.05
02/19/13,141.57,141.57,141.57,141.57
02/18/13,140.58,140.58,140.58,140.58
02/15/13,144.51,144.51,144.51,144.51
02/14/13,144.93,144.93,144.93,144.93
02/13/13,146.55,146.55,146.55,146.55
02/12/13,148.2,148.2,148.2,148.2
02/11/13,146.26,146.26,146.26,146.26
02/08/13,144.61,144.61,144.61,144.61
02/07/13,143.12,143.12,143.12,143.12
02/06/13,141.82,141.82,141.82,141.82
02/05/13,141.07,141.07,141.07,141.07
02/04/13,140.64,140.64,140.64,140.64
02/01/13,140.48,140.48,140.48,140.48
01/31/13,139.73,139.73,139.73,139.73
01/30/13,138.87,138.87,138.87,138.87
01/29/13,138.46,138.46,138.46,138.46
01/28/13,138.01,138.01,138.01,138.01
01/25/13,138.8,138.8,138.8,138.8
01/24/13,138.08,138.08,138.08,138.08
01/23/13,138.14,138.14,138.14,138.14
01/22/13,139.09,139.09,139.09,139.09
01/21/13,139.44,139.44,139.44,139.44
01/18/13,139.44,139.44,139.44,139.44
01/17/13,139.99,139.99,139.99,139.99
01/16/13,142.45,142.45,142.45,142.45
01/15/13,141.18,141.18,141.18,141.18
01/14/13,138.47,138.47,138.47,138.47
01/11/13,136.97,136.97,136.97,136.97
01/10/13,136.12,136.12,136.12,136.12
01/09/13,134.84,134.84,134.84,134.84
01/08/13,135.25,135.25,135.25,135.25
01/07/13,131.13,131.13,131.13,131.13
01/04/13,131.53,131.53,131.53,131.53
01/03/13,129.64,129.64,129.64,129.64
01/02/13,129.24,129.24,129.24,129.24
12/31/12,128.46,128.46,128.46,128.46
12/28/12,128.57,128.57,128.57,128.57
12/27/12,128.07,128.07,128.07,128.07
12/24/12,126.86,126.86,126.86,126.86
12/21/12,126.62,126.62,126.62,126.62
12/20/12,126.43,126.43,126.43,126.43
12/19/12,122.81,122.81,122.81,122.81
12/18/12,123.78,123.78,123.78,123.78
12/17/12,124.85,124.85,124.85,124.85
12/14/12,125.05,125.05,125.05,125.05
12/13/12,124.61,124.61,124.61,124.61
12/11/12,123.53,123.53,123.53,123.53
12/10/12,122.38,122.38,122.38,122.38
12/07/12,122.86,122.86,122.86,122.86
12/06/12,122.35,122.35,122.35,122.35
12/05/12,122.66,122.66,122.66,122.66
12/04/12,122.55,122.55,122.55,122.55
12/03/12,122.33,122.33,122.33,122.33
11/30/12,122.91,122.91,122.91,122.91
11/29/12,123.5,123.5,123.5,123.5
11/28/12,123.57,123.57,123.57,123.57
11/27/12,123.76,123.76,123.76,123.76
11/26/12,126.47,126.47,126.47,126.47
11/23/12,125.96,125.96,125.96,125.96
11/22/12,124.87,124.87,124.87,124.87
11/21/12,126.44,126.44,126.44,126.44
11/20/12,125.39,125.39,125.39,125.39
11/19/12,125.02,125.02,125.02,125.02
11/16/12,125.78,125.78,125.78,125.78
11/15/12,126.19,126.19,126.19,126.19
11/14/12,125.78,125.78,125.78,125.78
11/13/12,125.41,125.41,125.41,125.41
11/12/12,125.39,125.39,125.39,125.39
11/09/12,126.83,126.83,126.83,126.83
11/08/12,125.19,125.19,125.19,125.19
11/07/12,124.8,124.8,124.8,124.8
11/06/12,125.02,125.02,125.02,125.02
11/05/12,124.76,124.76,124.76,124.76
11/02/12,124.53,124.53,124.53,124.53
11/01/12,124.27,124.27,124.27,124.27
10/31/12,125.17,125.17,125.17,125.17
10/30/12,125.24,125.24,125.24,125.24
10/29/12,125.05,125.05,125.05,125.05
10/26/12,125.14,125.14,125.14,125.14
10/25/12,124.63,124.63,124.63,124.63
10/24/12,123.73,123.73,123.73,123.73
10/23/12,122.81,122.81,122.81,122.81
10/22/12,121.71,121.71,121.71,121.71
10/19/12,121.25,121.25,121.25,121.25
10/18/12,121.19,121.19,121.19,121.19
10/17/12,120.73,120.73,120.73,120.73
10/16/12,119.63,119.63,119.63,119.63
10/15/12,119.42,119.42,119.42,119.42
10/12/12,119.25,119.25,119.25,119.25
10/11/12,119.44,119.44,119.44,119.44
10/10/12,118.81,118.81,118.81,118.81
10/09/12,118.1,118.1,118.1,118.1
10/08/12,118.22,118.22,118.22,118.22
10/05/12,118.71,118.71,118.71,118.71
10/04/12,118.99,118.99,118.99,118.99
10/03/12,118.72,118.72,118.72,118.72
10/02/12,118.27,118.27,118.27,118.27
10/01/12,118.91,118.91,118.91,118.91
09/28/12,118.44,118.44,118.44,118.44
09/27/12,117.7,117.7,117.7,117.7
09/26/12,116.8,116.8,116.8,116.8
09/25/12,117.88,117.88,117.88,117.88
09/24/12,116.24,116.24,116.24,116.24
09/21/12,117.46,117.46,117.46,117.46
09/20/12,117.56,117.56,117.56,117.56
09/19/12,118.11,118.11,118.11,118.11
09/18/12,117.6,117.6,117.6,117.6
09/17/12,117.69,117.69,117.69,117.69
09/14/12,117.24,117.24,117.24,117.24
09/13/12,118.52,118.52,118.52,118.52
09/12/12,118.14,118.14,118.14,118.14
09/11/12,117.14,117.14,117.14,117.14
09/10/12,115.56,115.56,115.56,115.56
09/07/12,115.28,115.28,115.28,115.28
09/06/12,116.17,116.17,116.17,116.17
09/05/12,115.67,115.67,115.67,115.67
09/04/12,115.63,115.63,115.63,115.63
09/03/12,114.9,114.9,114.9,114.9
08/31/12,114.83,114.83,114.83,114.83
08/30/12,114.77,114.77,114.77,114.77
08/29/12,114.33,114.33,114.33,114.33
08/28/12,113.41,113.41,113.41,113.41
08/27/12,112.85,112.85,112.85,112.85
08/24/12,112.72,112.72,112.72,112.72
08/23/12,113.19,113.19,113.19,113.19
08/22/12,113.22,113.22,113.22,113.22
08/21/12,112.12,112.12,112.12,112.12
08/20/12,113.19,113.19,113.19,113.19
08/17/12,113.19,113.19,113.19,113.19
08/16/12,113.53,113.53,113.53,113.53
08/15/12,112.29,112.29,112.29,112.29
08/14/12,112.16,112.16,112.16,112.16
08/13/12,112.34,112.34,112.34,112.34
08/10/12,113.11,113.11,113.11,113.11
08/09/12,112.81,112.81,112.81,112.81
08/08/12,112.58,112.58,112.58,112.58
08/07/12,112.1,112.1,112.1,112.1
08/06/12,111.8,111.8,111.8,111.8
08/03/12,112.43,112.43,112.43,112.43
08/02/12,111.04,111.04,111.04,111.04
08/01/12,111.82,111.82,111.82,111.82
07/31/12,111.81,111.81,111.81,111.81
07/30/12,112.91,112.91,112.91,112.91
07/27/12,113.73,113.73,113.73,113.73
07/26/12,113.83,113.83,113.83,113.83
07/25/12,114.22,114.22,114.22,114.22
07/24/12,113.88,113.88,113.88,113.88
07/23/12,113.1,113.1,113.1,113.1
07/20/12,112.78,112.78,112.78,112.78
07/19/12,112.26,112.26,112.26,112.26
07/18/12,111.05,111.05,111.05,111.05
07/17/12,110.36,110.36,110.36,110.36
07/16/12,110.35,110.35,110.35,110.35
07/13/12,110.38,110.38,110.38,110.38
07/12/12,112.26,112.26,112.26,112.26
07/11/12,111.28,111.28,111.28,111.28
07/10/12,111.58,111.58,111.58,111.58
07/09/12,111.56,111.56,111.56,111.56
07/06/12,111.46,111.46,111.46,111.46
07/05/12,111.43,111.43,111.43,111.43
07/04/12,111.53,111.53,111.53,111.53
07/03/12,111.07,111.07,111.07,111.07
07/02/12,110.62,110.62,110.62,110.62
06/29/12,109.02,109.02,109.02,109.02
06/28/12,108.13,108.13,108.13,108.13
06/27/12,109.06,109.06,109.06,109.06
06/26/12,109.79,109.79,109.79,109.79
06/25/12,110.13,110.13,110.13,110.13
06/22/12,109.69,109.69,109.69,109.69
06/21/12,109.53,109.53,109.53,109.53
06/20/12,109.34,109.34,109.34,109.34
06/19/12,110.5,110.5,110.5,110.5
06/18/12,109.13,109.13,109.13,109.13
06/15/12,108.07,108.07,108.07,108.07
06/14/12,107.68,107.68,107.68,107.68
06/13/12,107.47,107.47,107.47,107.47
06/12/12,106.67,106.67,106.67,106.67
06/11/12,106.23,106.23,106.23,106.23
06/08/12,106.6,106.6,106.6,106.6
06/07/12,106.91,106.91,106.91,106.91
06/06/12,106.88,106.88,106.88,106.88
06/05/12,106.57,106.57,106.57,106.57
06/04/12,106.43,106.43,106.43,106.43
05/31/12,106.37,106.37,106.37,106.37
05/30/12,106.97,106.97,106.97,106.97
05/29/12,106.49,106.49,106.49,106.49
05/28/12,106.85,106.85,106.85,106.85
05/25/12,107.13,107.13,107.13,107.13
05/24/12,106.87,106.87,106.87,106.87
05/23/12,107.57,107.57,107.57,107.57
05/22/12,107.69,107.69,107.69,107.69
05/21/12,108.96,108.96,108.96,108.96
05/18/12,109.35,109.35,109.35,109.35
05/17/12,109.94,109.94,109.94,109.94
05/16/12,109.44,109.44,109.44,109.44
05/15/12,109.44,109.44,109.44,109.44
05/14/12,108.79,108.79,108.79,108.79
05/11/12,107.31,107.31,107.31,107.31
05/10/12,107.48,107.48,107.48,107.48
05/09/12,107.14,107.14,107.14,107.14
05/08/12,107.15,107.15,107.15,107.15
05/07/12,107.41,107.41,107.41,107.41
05/04/12,107.07,107.07,107.07,107.07
05/03/12,107.19,107.19,107.19,107.19
05/02/12,105.53,105.53,105.53,105.53
04/30/12,105.1,105.1,105.1,105.1
04/27/12,104.94,104.94,104.94,104.94
04/26/12,104.38,104.38,104.38,104.38
04/25/12,107.4,107.4,107.4,107.4
04/24/12,107.24,107.24,107.24,107.24
04/23/12,107.49,107.49,107.49,107.49
04/20/12,106.24,106.24,106.24,106.24
04/19/12,105.04,105.04,105.04,105.04
04/18/12,103.68,103.68,103.68,103.68
04/17/12,102.68,102.68,102.68,102.68
04/16/12,102.77,102.77,102.77,102.77
04/13/12,102.03,102.03,102.03,102.03
04/12/12,101.84,101.84,101.84,101.84
04/11/12,101.01,101.01,101.01,101.01
04/10/12,100.44,100.44,100.44,100.44
04/05/12,100.94,100.94,100.94,100.94
04/04/12,101.35,101.35,101.35,101.35
04/03/12,100.1,100.1,100.1,100.1
04/02/12,99.75,99.75,99.75,99.75
03/30/12,100.06,100.06,100.06,100.06
03/29/12,99.7,99.7,99.7,99.7
03/28/12,100.36,100.36,100.36,100.36
03/27/12,99.74,99.74,99.74,99.74
03/26/12,99.28,99.28,99.28,99.28
03/23/12,99.95,99.95,99.95,99.95
03/22/12,99.32,99.32,99.32,99.32
03/21/12,98.49,98.49,98.49,98.49
03/20/12,96.32,96.32,96.32,96.32
03/19/12,98.38,98.38,98.38,98.38
03/16/12,98.65,98.65,98.65,98.65
03/15/12,98.76,98.76,98.76,98.76
03/14/12,98.76,98.76,98.76,98.76
03/13/12,99.26,99.26,99.26,99.26
03/12/12,100.08,100.08,100.08,100.08
03/09/12,100.25,100.25,100.25,100.25
03/08/12,100.65,100.65,100.65,100.65
03/07/12,101.21,101.21,101.21,101.21
03/06/12,101.01,101.01,101.01,101.01
03/05/12,101.26,101.26,101.26,101.26
03/02/12,99.08,99.08,99.08,99.08
03/01/12,97.75,97.75,97.75,97.75
02/29/12,97.29,97.29,97.29,97.29
02/28/12,97.22,97.22,97.22,97.22
02/27/12,96.23,96.23,96.23,96.23
02/24/12,96.27,96.27,96.27,96.27
02/23/12,95.98,95.98,95.98,95.98
02/22/12,95.68,95.68,95.68,95.68
02/21/12,95.04,95.04,95.04,95.04
02/20/12,94.74,94.74,94.74,94.74
02/17/12,96.17,96.17,96.17,96.17
02/16/12,94.96,94.96,94.96,94.96
02/15/12,93.92,93.92,93.92,93.92
02/14/12,93.32,93.32,93.32,93.32
02/13/12,93.32,93.32,93.32,93.32
02/10/12,93.25,93.25,93.25,93.25
02/09/12,93.39,93.39,93.39,93.39
