"","Annualized Return","Annualized Std Dev","Annualized Sharpe (Rf=30.48%)","rho1","rho2","rho3","rho4","rho5","rho6","Q(6) p-value","daily  Std Dev","Skewness","Kurtosis","Excess kurtosis","Sample skewness","Sample excess kurtosis","Semi Deviation","Gain Deviation","Loss Deviation","Downside Deviation (MAR=40%)","Downside Deviation (Rf=30.48%)","Downside Deviation (0%)","Maximum Drawdown","Historical VaR (95%)","Historical ES (95%)","Modified VaR (95%)","Modified ES (95%)","daily downside risk","Annualised downside risk","Downside potential","Omega","Sortino ratio","Upside potential","Upside potential ratio","Omega-sharpe ratio","Sterling ratio","Calmar ratio","Burke ratio","Pain index","Ulcer index","Pain ratio","Martin ratio","Minimum","Quartile 1","Median","Arithmetic Mean","Geometric Mean","Quartile 3","Maximum","SE Mean","LCL Mean (0.95)","UCL Mean (0.95)","StdDev Sharpe (Rf=0.1%, p=95%):","VaR Sharpe (Rf=0.1%, p=95%):","ES Sharpe (Rf=0.1%, p=95%):","Alpha","Beta","Beta+","Beta-","R-squared","Annualized Alpha","Correlation","Correlation p-value","Tracking Error","Active Premium","Information Ratio","Treynor Ratio","Beta CoVariance","Beta CoSkewness","Beta CoKurtosis","Specific Risk","Systematic Risk","Total Risk","Up Capture","Down Capture","Up Number","Down Number","Up Percent","Down Percent","Direction"
"2001//1",0.1729,0.6393,-0.2063,0.0151,0.212,-0.0593,0.0193,0.0444,-0.0601,0.7102,0.0403,1.2874,12.628,9.628,1.35,10.5247,0.0263,0.0382,0.0298,0.0267,0.0265,0.026,0.2796,-0.0482,-0.0849,-0.0414,-0.0414,0.0267,0.4235,0.012,0.9251,-0.0338,0.0111,0.7519,-0.0749,-0.0598,-0.0812,-0.0842,0.1874,0.2195,-0.1296,-0.1107,-0.1264,-0.0149,0,7e-04,-1e-04,0.0146,0.2015,0.005,-0.0094,0.0107,-0.0129949202363609,-0.0126388693630082,-0.0126388693630082,0.0073,4.0468,11.4929,2.4824,0.1222,5.2407,0.3495,0.0046,0.6221,0.1449,0.233,-0.0691,4.0468,-14.558,3.8377,0.5943,0.2234,0.6349,6.222,3.2021,0.6538,0.4118,0.6538,0.5882,"Down"
"2001//2",0.0294,0.3288,-0.8376,-0.1044,0.1925,0.0593,-0.1693,-0.0885,-0.0373,0.4331,0.0207,-0.566,4.1334,1.1334,-0.5949,1.3373,0.0153,0.0113,0.0165,0.016,0.0158,0.0153,0.1693,-0.0387,-0.05,-0.0364,-0.0518,0.016,0.2544,0.0081,0.8193,-0.0918,0.0067,0.9228,-0.1807,-0.0889,-0.1414,-0.1617,0.0678,0.089,-0.3764,-0.2868,-0.0632,-0.0109,0,1e-04,-1e-04,0.011,0.0427,0.0027,-0.0052,0.0054,-0.0527611309297271,-0.030035999591221,-0.0211041347558373,0.001,0.7516,-0.1126,1.099,0.0359,0.2966,0.1894,0.1437,0.3235,0.3131,0.9679,-0.3733,0.7516,0.2119,0.1592,0.3202,0.0623,0.3262,1.4295,0.562,0.4167,0.3784,0.4167,0.6216,"Down"
"2001//3",-0.8277,0.2708,-4.1827,0.2343,0.2416,0.0198,0.1158,0.013,-0.0402,0.18,0.0171,0.7488,7.155,4.155,0.7847,4.5916,0.0114,0.0152,0.0106,0.0141,0.0139,0.0132,0.2649,-0.0267,-0.0383,-0.0259,-0.0271,0.0141,0.2246,0.0086,0.4329,-0.3443,0.0037,0.8638,-0.5671,-1.5869,-2.186,-3.217,0.1399,0.1715,-4.1488,-3.3851,-0.0473,-0.0135,0,-0.0033,-0.0034,0.0058,0.0694,0.0021,-0.0075,9e-04,-0.263482606394478,-0.173360961501676,-0.165681235027433,-0.0015,0.7877,-0.1363,0.7412,0.0374,-0.3175,0.1933,0.1229,0.266,-0.1004,-0.3772,-0.8759,0.7877,0.9285,0.6677,0.2636,0.0523,0.2687,0.3968,1.111,0.3571,0.46,0.3571,0.62,"Up"
"2001//4",0.3522,0.3489,0.1358,0.3606,0.3428,0.1563,0.2689,0.0799,0.0389,8e-04,0.022,1.1211,8.5467,5.5467,1.1784,6.1349,0.014,0.0191,0.0126,0.0141,0.0139,0.0133,0.2597,-0.0276,-0.0409,-0.0246,-0.0246,0.0141,0.2243,0.0075,0.9748,-0.0134,0.0073,1.0294,-0.0252,0.947,1.3116,1.5842,0.1472,0.1868,2.3032,1.8147,-0.0577,-0.0074,0,0.0014,0.0012,0.0139,0.1,0.0028,-0.0042,0.007,0.00855694474461051,0.00765897972480539,0.00765897972480539,0.0022,1.1879,1.8746,0.5672,0.1327,0.7599,0.3642,0.0039,0.3255,0.469,1.4406,-0.0097,1.1879,-64.8512,0.8797,0.3222,0.1271,0.3464,1.5435,0.6786,0.4,0.3214,0.4,0.6786,"Down"
"2002//1",-0.2464,0.3799,-1.4508,0.3865,0.2164,0.0453,-0.196,-0.0982,-0.1705,0.0055,0.0239,-0.6074,3.5936,0.5936,-0.6379,0.7478,0.0183,0.0126,0.0187,0.0195,0.0193,0.0187,0.2242,-0.052,-0.0585,-0.0437,-0.058,0.0195,0.3092,0.0097,0.7357,-0.1317,0.0071,0.7413,-0.2643,-0.841,-1.216,-1.0885,0.103,0.1271,-2.6629,-2.158,-0.0657,-0.0117,0,-0.001,-0.0013,0.0125,0.0486,0.003,-0.0071,0.0051,-0.0913930078793369,-0.0500813532707468,-0.0376853779465654,2e-04,0.7043,-5.8261,1.2721,0.031,0.0496,0.176,0.1712,0.375,0.1513,0.4034,-0.659,0.7043,4.979,-0.0586,0.3709,0.0669,0.3769,2.4318,1.1174,0.5652,0.4103,0.5652,0.5897,"Down"
"2002//2",-1.5029,0.3758,-4.8105,0.2632,0.3043,0.1268,-0.0878,-0.1023,-0.1936,0.0146,0.0237,0.2291,8.0672,5.0672,0.2405,5.5952,0.0175,0.0237,0.0198,0.0211,0.0209,0.0203,0.3796,-0.0466,-0.0597,-0.0406,-0.0527,0.0211,0.3342,0.011,0.3143,-0.3587,0.0035,0.7099,-0.6857,-1.6547,-2.0907,-2.5168,0.2177,0.2738,-3.652,-2.9044,-0.0784,-0.0108,0,-0.006,-0.0062,0,0.0941,0.003,-0.0119,0,-0.303031201615223,-0.176525397104421,-0.13615462899898,-0.0022,1.9434,-0.858,2.236,0.1831,-0.4298,0.4278,5e-04,0.3485,-0.5051,-1.4494,-0.4364,1.9434,2.9905,2.6872,0.337,0.1608,0.3733,0.6526,2.8828,0.3043,0.45,0.3043,0.55,"Up"
"2002//3",-0.3319,0.3607,-1.7649,0.1807,0.12,0.2296,-0.002,0.0646,-0.3202,0.0203,0.0227,-1.1086,13.0053,10.0053,-1.1609,10.9036,0.0174,0.0194,0.0261,0.0185,0.0184,0.0179,0.2812,-0.0262,-0.0584,-0.0404,-0.0973,0.0185,0.2938,0.0075,0.6152,-0.1569,0.0046,0.9705,-0.3848,-0.8606,-1.1665,-1.7373,0.07,0.1162,-4.7066,-2.838,-0.1098,-0.008,0,-0.0013,-0.0016,0,0.0857,0.0028,-0.0069,0.0043,-0.111178710573325,-0.0624686866373947,-0.0259644791485123,9e-04,1.8889,0.4535,3.2112,0.1593,0.2538,0.3991,9e-04,0.3376,-0.1845,-0.5465,-0.2673,1.8889,-1.6064,1.2106,0.3282,0.144,0.3584,1.6791,1.8204,0.3333,0.3333,0.3333,0.6667,"Up"
"2002//4",3.2716,0.6672,4.4465,0.3371,0.2667,0.3364,0.1966,0.1191,0.0154,0.0011,0.042,0.2409,3.8382,0.8382,0.2536,1.0229,0.027,0.0338,0.0319,0.0216,0.0214,0.021,0.2687,-0.0377,-0.0856,-0.052,-0.0698,0.0216,0.3424,0.0081,2.4048,0.5284,0.0195,1.8124,1.4048,53.8799,73.9352,104.0912,0.0929,0.1505,213.7658,131.9511,-0.1008,0,0,0.013,0.0121,0.0326,0.102,0.0055,0.002,0.0239,0.280102186161943,0.226576469654215,0.168712687023606,0.0062,1.638,1.5755,1.631,0.1527,3.7972,0.3907,0.0022,0.6225,17.7339,28.4873,8.8105,1.638,1.7193,1.7161,0.609,0.2607,0.6624,2.2838,0.9782,0.439,0.3889,0.4146,0.6111,"Down"
"2003//1",2.1801,0.8595,2.1818,0.3901,0.194,0.0032,-0.3961,-0.2987,-0.1068,0,0.0541,0.2137,2.5175,-0.4825,0.2245,-0.4204,0.0357,0.038,0.0298,0.0318,0.0316,0.031,0.3021,-0.0865,-0.094,-0.0769,-0.0924,0.0318,0.5045,0.0167,1.424,0.2223,0.0237,1.3565,0.424,12.7848,17.017,13.0521,0.1659,0.1948,30.9821,26.3842,-0.0973,-0.0224,0,0.0087,0.0072,0.0313,0.1022,0.0069,-0.0051,0.0224,0.137441201770183,0.0967695689529253,0.0805405806614673,0.0054,1.3117,1.6265,-0.005,0.1076,2.8863,0.328,0.0093,0.8147,4.1801,5.1308,2.6944,1.3117,225.4919,0.2979,0.8054,0.2819,0.8533,2.2151,1.3632,0.5278,0.52,0.5278,0.48,"Up"
"2003//2",2.3283,0.8279,2.4441,0.2358,0.0516,0.0698,-0.0597,-0.177,-0.0229,0.3714,0.0522,-0.053,2.4291,-0.5709,-0.0557,-0.5154,0.0365,0.0344,0.0291,0.0325,0.0323,0.0317,0.347,-0.078,-0.0897,-0.0772,-0.094,0.0325,0.5152,0.0163,1.4695,0.2358,0.0239,0.9241,0.4695,14.0472,18.0957,13.2639,0.1447,0.1994,43.3666,31.4865,-0.1,-0.0198,0.0072,0.0092,0.0079,0.0407,0.1,0.0067,-0.0041,0.0226,0.153961376136981,0.103993718300322,0.0853880898632643,0.0038,2.1714,0.624,2.7109,0.3811,1.6213,0.6173,0,0.7073,5.1323,7.2564,2.0154,2.1714,-2.5713,1.7921,0.646,0.5111,0.8237,2.746,2.5977,0.7027,0.6522,0.6216,0.3478,"Down"
"2003//3",0.53,0.5102,0.4413,0.0456,-0.1951,-0.1681,-0.1416,0.1602,-0.0371,0.2189,0.0321,0.8251,12.7734,9.7734,0.864,10.6531,0.0212,0.0308,0.0269,0.021,0.0208,0.0203,0.1923,-0.0435,-0.0674,-0.0362,-0.0362,0.021,0.3329,0.0088,1.0588,0.0246,0.0093,0.8745,0.0588,1.6989,2.5823,2.0974,0.0779,0.0891,6.3562,5.5544,-0.1222,-0.0074,0,0.0021,0.0016,0.0107,0.1571,0.004,-0.0058,0.01,0.0277988785053595,0.024694275974724,0.024694275974724,-0.0025,1.7434,2.9158,-1.3667,0.1392,-0.4697,0.373,0.002,0.4803,-0.7074,-1.4728,0.0594,1.7434,-10.5972,1.3548,0.4698,0.1903,0.5069,1.3104,2.788,0.5349,0.4783,0.5116,0.5652,"Down"
"2003//4",0.1969,0.4097,-0.2633,0.1141,-0.0961,0.1387,0.0062,-0.0472,-0.2198,0.4065,0.0258,0.4146,6.2647,3.2647,0.4361,3.6611,0.0173,0.023,0.0196,0.0177,0.0175,0.0169,0.1548,-0.0401,-0.0596,-0.0365,-0.0461,0.0177,0.2805,0.0084,0.9045,-0.0456,0.0076,0.9375,-0.0955,0.4775,0.786,0.6774,0.0845,0.095,1.422,1.2647,-0.0766,-0.0085,0,8e-04,5e-04,0.0096,0.0893,0.0033,-0.0059,0.0074,-0.0165880900473914,-0.0117195505346915,-0.00928178035655472,-0.0024,1.6669,2.2506,1.1302,0.3375,-0.4503,0.5809,0,0.3468,-0.6788,-1.9572,-0.1039,1.6669,2.315,1.9568,0.3307,0.238,0.4075,0.7444,1.2784,0.4474,0.4545,0.3947,0.6364,"Up"
"2004//1",0.8859,0.5659,1.0268,0.5127,-0.0363,-0.2464,-0.1829,-0.0069,0.191,1e-04,0.0357,0.3675,4.0579,1.0579,0.3854,1.2454,0.0235,0.0292,0.0235,0.0225,0.0223,0.0218,0.2968,-0.0488,-0.068,-0.0501,-0.0636,0.0225,0.3576,0.011,1.1746,0.0856,0.013,1.0924,0.1746,2.703,3.6137,4.3082,0.0887,0.1327,12.0698,8.069,-0.0879,-0.0113,0,0.0035,0.0029,0.0174,0.0991,0.0045,-0.0054,0.0124,0.0646816640639263,0.0460043931612121,0.0362730682411388,0.0043,2.0631,2.6153,1.2874,0.3637,1.9523,0.6031,0,0.4845,1.0242,2.114,0.2563,2.0631,3.0134,2.235,0.4479,0.3413,0.5631,2.4464,1.6534,0.5806,0.4242,0.5484,0.6061,"Down"
"2004//2",-0.5227,0.444,-1.8638,0.4631,0.2732,0.0046,-0.2415,-0.1962,-0.2569,0,0.028,0.6772,4.7461,1.7461,0.7113,1.9989,0.018,0.0233,0.016,0.0201,0.0199,0.0192,0.1845,-0.039,-0.0531,-0.0411,-0.0486,0.0201,0.3186,0.0119,0.6914,-0.1824,0.0082,1.186,-0.3086,-1.6233,-2.5033,-1.7218,0.1061,0.1177,-4.3686,-3.9368,-0.0712,-0.0169,0,-0.0021,-0.0025,0.0091,0.0907,0.0036,-0.0092,0.005,-0.117406176973827,-0.0798004534201383,-0.0675991827363044,0,1.6788,1.7365,2.0729,0.2758,-0.0017,0.5252,0,0.3894,-0.2833,-0.7275,-0.3596,1.6788,0.673,1.7689,0.3748,0.2332,0.4414,1.3664,1.6797,0.3846,0.5294,0.3462,0.4706,"Up"
"2004//3",0.5179,0.3937,0.5412,0.1033,0.0808,0.2078,1e-04,-0.0108,-0.0155,0.6365,0.0248,-0.0366,4.6954,1.6954,-0.0383,1.928,0.0176,0.0171,0.0179,0.0174,0.0172,0.0166,0.2464,-0.029,-0.0536,-0.0378,-0.0545,0.0174,0.2757,0.0084,1.0554,0.0269,0.0089,0.8741,0.0554,1.6008,2.2504,3.046,0.0878,0.1151,6.2986,4.8062,-0.0657,-0.0089,0,0.0021,0.0018,0.0172,0.0808,0.0031,-0.004,0.0082,0.0340944452691359,0.0223447890910265,0.0155138265679545,0.0021,1.2581,0.3263,3.5047,0.0525,0.7106,0.2292,0.0641,0.3837,0.5091,1.3268,0.1164,1.2581,-0.8838,0.5817,0.3803,0.0903,0.3909,2.113,1.1389,0.5,0.4444,0.4667,0.5556,"Down"
"2004//4",0.3249,0.2276,0.0884,0.131,0.0334,-0.1068,-0.0521,0.0315,0.0209,0.8994,0.0143,0.0091,4.5803,1.5803,0.0096,1.8232,0.0099,0.0102,0.0103,0.01,0.0098,0.0093,0.0741,-0.0231,-0.0306,-0.0216,-0.0306,0.01,0.1592,0.0051,0.9418,-0.0297,0.0048,1.1305,-0.0582,2.0036,4.7063,4.2875,0.0209,0.0301,16.5782,11.5459,-0.0429,-0.0068,0,0.0013,0.0012,0.0086,0.0392,0.0018,-0.0024,0.005,0.00556660370414831,0.00369339125562344,0.00260504045715963,-2e-04,0.7584,-0.3961,0.6405,0.0722,-0.0567,0.2687,0.0363,0.2201,-0.15,-0.6815,-0.0071,0.7584,-3.5144,0.7153,0.2174,0.0612,0.2259,0.9367,1.1172,0.4054,0.4091,0.3514,0.5909,"Down"
"2005//1",-0.14,0.2282,-1.9487,0.1216,0.0489,-0.0742,-0.1735,-0.1323,0.0716,0.5272,0.0144,0.1376,3.5844,0.5844,0.1445,0.7378,0.0099,0.0095,0.0083,0.011,0.0108,0.0102,0.142,-0.0216,-0.0285,-0.0233,-0.0297,0.011,0.1751,0.0064,0.6636,-0.1943,0.0042,1.1121,-0.3364,-0.6308,-1.075,-1.2145,0.0465,0.0678,-3.3193,-2.2733,-0.0399,-0.0084,0,-6e-04,-7e-04,0.0076,0.0363,0.0018,-0.0042,0.0031,-0.122758412843541,-0.0758085501164163,-0.059412807929518,-0.0016,0.7092,-0.5636,2.723,0.0462,-0.3311,0.215,0.0933,0.2238,-0.4261,-1.9038,-0.5295,0.7092,-2.1117,0.6225,0.2211,0.0491,0.2265,0.7623,1.7645,0.3636,0.3793,0.3636,0.6207,"Up"
"2005//2",0.4989,0.1401,1.3852,-0.0817,0.0275,0.196,-0.2096,-0.0876,-0.0972,0.2868,0.0088,0.1583,2.7198,-0.2802,0.1662,-0.2021,0.006,0.0048,0.0035,0.0058,0.0056,0.005,0.0426,-0.0138,-0.0143,-0.0121,-0.015,0.0058,0.0916,0.0033,1.1203,0.068,0.0037,1.3084,0.1203,4.42,14.7913,11.6837,0.0082,0.0133,76.3808,47.1401,-0.0154,0,0,0.002,0.0019,0.0082,0.0237,0.0011,-2e-04,0.0042,0.0872598670408767,0.0637881071426338,0.051457936353989,9e-04,-0.0449,0.2115,-0.3001,7e-04,0.2506,-0.0262,0.8388,0.164,-0.9764,-5.9545,-4.5067,-0.0449,0.2768,-0.1573,0.139,-0.0037,0.139,0.3335,-1.2628,0.3462,0.1818,0.3077,0.8182,"Up"
"2005//3",0.84,0.4747,1.1274,0.3648,0.1623,0.0405,-0.2637,-0.3678,-0.2698,0,0.0299,0.0557,5.9209,2.9209,0.0584,3.2516,0.0207,0.0255,0.0277,0.02,0.0198,0.0194,0.2696,-0.0528,-0.0676,-0.0433,-0.0644,0.02,0.3168,0.0078,1.2238,0.0875,0.0095,0.7773,0.2238,2.8988,3.9741,3.4368,0.1215,0.1375,8.8074,7.7794,-0.0957,0,0,0.0033,0.0029,0.0073,0.0873,0.0037,-0.004,0.0107,0.0710190692645494,0.0490938068297284,0.0329732820043453,0.0051,1.7448,1.9541,1.2873,0.1495,2.6407,0.3867,0.0013,0.4448,1.1989,2.6957,0.3026,1.7448,1.685,2.3407,0.4345,0.1836,0.4717,2.8188,1.0008,0.6667,0.303,0.6061,0.7273,"Up"
"2005//4",1.3367,0.3084,3.346,0.1614,0.0821,-0.155,-0.0791,-0.0664,-0.2321,0.2509,0.0194,0.1647,4.6249,1.6249,0.1736,1.8852,0.0131,0.0153,0.0148,0.0115,0.0113,0.0109,0.1243,-0.0285,-0.0402,-0.0248,-0.0352,0.0115,0.1822,0.0047,1.7937,0.3239,0.0084,0.8883,0.7937,11.6866,21.0859,22.4753,0.0257,0.045,101.9274,58.204,-0.0497,0,0.0047,0.0053,0.0051,0.0098,0.0645,0.0026,2e-04,0.0104,0.210775465497874,0.1649075893979,0.116403220635479,0.0051,1.8073,1.7215,0.9186,0.16,2.6429,0.4,0.0019,0.288,2.4526,8.5167,0.9261,1.8073,-3.9458,1.0976,0.2802,0.1233,0.3061,3.1254,0.7265,0.6562,0.3846,0.5938,0.6154,"Down"
"2006//1",0.1885,0.1893,-0.6145,0.2255,0.0704,0.1006,-0.0317,-0.3124,-0.1123,0.0532,0.0119,-0.9568,4.9868,1.9868,-1.0033,2.2512,0.0091,0.0046,0.0101,0.0095,0.0094,0.0088,0.1074,-0.0239,-0.0298,-0.0212,-0.0319,0.0095,0.1515,0.0047,0.823,-0.0879,0.0039,0.9105,-0.177,0.8973,1.7329,1.763,0.0314,0.0412,5.8788,4.4809,-0.0435,-0.008,0,7e-04,7e-04,0.0085,0.0187,0.0015,-0.0022,0.0037,-0.0387129474561757,-0.0217217905248268,-0.0144530526903804,1e-04,0.8548,0.8943,1.6972,0.1879,0.0337,0.4335,3e-04,0.1711,0.0525,0.3066,-0.1468,0.8548,-3.2919,1.1157,0.1692,0.0821,0.1881,0.9431,0.807,0.5,0.375,0.4375,0.6562,"Up"
"2006//2",1.4974,0.4293,2.7778,0.3129,0.223,0.1391,0.1123,0.0937,0.1182,0.0427,0.027,2.6647,15.0689,12.0689,2.8034,13.2456,0.0138,0.0301,0.0116,0.0114,0.0112,0.0106,0.1178,-0.0243,-0.0372,-0.0077,-0.1216,0.0114,0.1809,0.0056,1.7709,0.3822,0.01,1.5253,0.7709,14.1629,26.1862,25.692,0.0391,0.0538,78.9091,57.3475,-0.0448,-0.0064,0,0.0059,0.0056,0.0102,0.1501,0.0035,-0.001,0.0129,0.174983429693153,0.610819237125491,0.0389303112075046,0.006,2.2832,2.0957,0.5939,0.2824,3.5192,0.5314,0,0.3856,2.9116,7.5498,0.8828,2.2832,3.4523,1.5636,0.3607,0.2281,0.4268,3.4181,1.707,0.7333,0.5333,0.6667,0.5,"Down"
"2006//3",0.6361,0.2353,1.4079,0.2361,0.0324,-0.2086,-0.1669,-0.0071,-0.0786,0.1538,0.0148,-0.5215,8.0935,5.0935,-0.5465,5.6065,0.0108,0.0107,0.0142,0.0104,0.0102,0.0097,0.0684,-0.0111,-0.0329,-0.0223,-0.0437,0.0104,0.1643,0.0043,1.2193,0.0905,0.0052,0.8,0.2193,4.9685,12.2316,9.6309,0.0194,0.0288,43.0952,28.9957,-0.0543,-0.0054,0,0.0025,0.0024,0.0064,0.0521,0.0018,-0.0011,0.0062,0.0886908886808313,0.0590526218705613,0.0300692042113791,2e-04,1.2212,1.7002,1.5898,0.2481,0.0562,0.4981,0,0.2051,0.1442,0.703,0.2906,1.2212,1.8646,2.0088,0.2025,0.1172,0.2339,0.814,0.1364,0.4894,0.2778,0.4468,0.8333,"Up"
"2006//4",1.0038,0.3356,2.0827,0.0723,0.0191,-0.1272,-0.1211,-0.0929,-0.0464,0.8004,0.0211,0.8377,6.0256,3.0256,0.8821,3.4076,0.0132,0.0185,0.0127,0.012,0.0118,0.0113,0.1197,-0.0215,-0.0398,-0.0239,-0.0274,0.012,0.1907,0.0058,1.4119,0.1994,0.0082,0.9424,0.4119,7.1871,13.1909,14.714,0.0528,0.0648,29.8523,24.3346,-0.0555,-0.0051,0.0044,0.004,0.0038,0.0103,0.0785,0.0028,-0.0015,0.0095,0.131200178641003,0.115826002724827,0.101115340465288,0.0014,1.0737,1.6965,0.3741,0.2126,0.413,0.4611,2e-04,0.298,0.7153,2.4004,0.8411,1.0737,4.7029,1.5846,0.2953,0.1547,0.3334,1.15,0.7,0.6176,0.52,0.4412,0.52,"Down"
"2007//1",-0.1343,0.591,-0.743,0.3905,0.1836,-0.2036,-0.18,-0.2733,-0.0722,7e-04,0.0372,0.2708,4.0213,1.0213,0.2839,1.2058,0.0251,0.0276,0.0239,0.0262,0.026,0.0254,0.3766,-0.0696,-0.0792,-0.0576,-0.0734,0.0262,0.4166,0.0146,0.8546,-0.0808,0.0125,0.9005,-0.1454,-0.5528,-0.6995,-0.7296,0.1313,0.1667,-2.0183,-1.5894,-0.0869,-0.0217,-0.004,-5e-04,-0.0012,0.0214,0.0968,0.0047,-0.0098,0.0088,-0.0468030767635604,-0.0302327767525002,-0.0237338463170839,0.0024,1.6205,1.8231,1.2581,0.4459,0.8458,0.6677,0,0.4652,0.0488,0.1049,-0.2822,1.6205,4.5067,1.8405,0.4365,0.3946,0.5884,1.7196,1.4272,0.7143,0.7714,0.5714,0.3714,"Up"
"2007//2",0.3913,0.6076,0.1424,-0.1787,0.0361,0.0313,-0.0831,-0.2048,-0.0211,0.4731,0.0383,1.9525,14.6578,11.6578,2.0523,12.7782,0.0228,0.0451,0.0272,0.0228,0.0226,0.0221,0.1651,-0.0401,-0.0851,-0.0282,-0.0495,0.0228,0.362,0.0103,0.9966,-0.0015,0.0102,1.2761,-0.0034,0.9153,1.4697,1.2527,0.0556,0.0678,4.3384,3.5571,-0.0947,-0.0102,0,0.0016,9e-04,0.0103,0.2017,0.0049,-0.0083,0.0114,0.00896859421181291,0.01218625681172,0.00693123533045089,0.0012,0.7838,-0.1489,1.954,0.0192,0.3669,0.1385,0.2872,0.6022,0.2321,0.3854,-0.1071,0.7838,3.6444,1.1492,0.5968,0.0841,0.6027,0.6826,0.0808,0.3429,0.3462,0.3429,0.6923,"Down"
"2007//3",0.3479,0.2483,0.1734,0.3703,0.2634,-0.1209,-0.0744,-0.0555,-0.0229,0.0148,0.0156,-0.8289,4.1329,1.1329,-0.8685,1.3234,0.0121,0.0067,0.0121,0.0122,0.012,0.0114,0.105,-0.0255,-0.0374,-0.0273,-0.0381,0.0122,0.1933,0.0059,0.9651,-0.017,0.0057,0.785,-0.0349,1.8196,3.5518,2.4918,0.038,0.0505,9.7779,7.3564,-0.0465,-0.0088,0,0.0014,0.0013,0.0102,0.0306,0.0019,-0.0025,0.0053,0.0109236795526791,0.00627003153175689,0.00448443350293877,0.0014,1.0059,0.6599,1.4162,0.2115,0.4095,0.4599,1e-04,0.2205,0.3733,1.693,0.0124,1.0059,1.801,1.0043,0.2188,0.1142,0.2468,1.1928,0.6976,0.5143,0.4483,0.4571,0.6207,"Up"
"2007//4",0.5226,0.2876,0.7573,0.2694,-0.0716,-0.0773,-0.1322,-0.1456,-0.1593,0.1551,0.0181,1.3532,7.0437,4.0437,1.4261,4.5262,0.0105,0.0189,0.0097,0.0102,0.01,0.0094,0.0982,-0.0211,-0.0337,-0.0185,-0.0264,0.0102,0.162,0.0055,1.0892,0.0477,0.0059,1.5578,0.0892,3.1269,6.3124,5.3769,0.019,0.0281,32.5381,22.0291,-0.0417,-0.009,0,0.0021,0.0019,0.0094,0.0653,0.0024,-0.0027,0.0068,0.0477039358889967,0.0467761280828384,0.0327701170884979,0.0011,1.2277,2.0929,1.2685,0.3276,0.3235,0.5724,0,0.2378,0.3422,1.4388,0.1585,1.2277,-5.9157,1.2797,0.2338,0.1646,0.286,1.207,0.8977,0.4242,0.48,0.3636,0.64,"Down"
"2008//1",-0.2798,0.4491,-1.3018,0.0627,-0.2039,-0.0256,0,-0.1442,0.1035,0.5213,0.0283,0.7356,4.5906,1.5906,0.7732,1.8344,0.0178,0.0254,0.0158,0.0193,0.0191,0.0184,0.1999,-0.0399,-0.054,-0.0402,-0.0476,0.0193,0.3061,0.0112,0.7582,-0.1399,0.0085,1.2485,-0.2418,-1.0499,-1.575,-1.5963,0.0998,0.1118,-3.1721,-2.8298,-0.0679,-0.0179,0,-0.0011,-0.0015,0.0091,0.091,0.0036,-0.0084,0.0061,-0.0820064517817189,-0.0576990255045617,-0.0487342307428231,0.0012,1.1981,1.3838,1.0685,0.6491,0.3575,0.8056,0,0.2727,0.0686,0.2517,-0.4134,1.1981,2.8673,1.1746,0.2638,0.3618,0.4478,1.2365,1.1063,0.5417,0.6216,0.4583,0.5135,"Up"
"2008//2",0.816,0.2536,2.0158,0.3717,0.0946,0.107,0.1515,-0.0172,-0.0167,0.0588,0.016,0.241,4.5626,1.5626,0.2529,1.7958,0.0109,0.011,0.0097,0.0101,0.0099,0.0093,0.1046,-0.0222,-0.0302,-0.0212,-0.0289,0.0101,0.1596,0.0051,1.3237,0.1641,0.0067,1.0712,0.3237,5.8092,11.3623,10.6213,0.0386,0.0527,30.7245,22.5376,-0.0393,-0.0077,0,0.0032,0.0031,0.0124,0.0555,0.002,-8e-04,0.0073,0.126981833753271,0.0955675855656569,0.0702647490804233,0.0021,0.9781,-0.5309,1.5379,0.1957,0.7075,0.4424,3e-04,0.2274,0.8744,3.8448,0.6285,0.9781,-3.437,0.7263,0.2256,0.1122,0.252,1.5602,0.885,0.6562,0.4194,0.625,0.6129,"Down"
"2008//3",-0.7354,0.3095,-3.3611,0.2016,-0.0175,0.0839,-0.241,-0.3715,-0.2132,0.0018,0.0195,0.1405,3.3372,0.3372,0.1471,0.4609,0.0133,0.0115,0.0117,0.016,0.0157,0.015,0.1985,-0.0336,-0.0425,-0.0338,-0.0419,0.016,0.2533,0.0101,0.552,-0.2824,0.0056,0.9586,-0.448,-1.82,-2.7366,-2.4002,0.0848,0.1071,-6.4285,-5.0871,-0.0537,-0.0146,-0.0081,-0.0029,-0.0031,0.0084,0.0501,0.0024,-0.0077,0.0019,-0.211732036157029,-0.122015885992688,-0.0984237161493728,-8e-04,0.7503,0.7627,0.4285,0.1873,-0.187,0.4327,3e-04,0.2825,0.0174,0.0617,-0.8847,0.7503,0.7909,0.6797,0.2769,0.1339,0.3076,0.8519,0.8854,0.5294,0.5918,0.3529,0.4898,"Up"
"2008//4",-0.143,0.5801,-0.7718,0.5514,0.2456,0.0415,-0.1546,-0.2347,-0.1553,0,0.0365,0.8638,4.7993,1.7993,0.9096,2.0707,0.0225,0.0339,0.0205,0.0237,0.0235,0.0228,0.3455,-0.0661,-0.0718,-0.0494,-0.0589,0.0237,0.3763,0.0136,0.8412,-0.0909,0.0114,1.0855,-0.1588,-0.5912,-0.7623,-0.7205,0.1427,0.1681,-1.8572,-1.5762,-0.0815,-0.0214,0,-6e-04,-0.0012,0.011,0.0998,0.0048,-0.0101,0.009,-0.0486219461769281,-0.0359359372732611,-0.0301544001619078,0.0034,1.3257,1.6733,1.0692,0.6528,1.3282,0.808,0,0.3607,0.2562,0.7101,-0.345,1.3257,1.5346,1.4185,0.3389,0.4687,0.5784,1.3548,1.0239,0.5789,0.6667,0.5263,0.5385,"Down"
"2009//1",-0.5932,0.4518,-1.9875,0.3465,-0.0392,0.0542,-0.0416,0.0087,0.0393,0.2055,0.0285,0.0221,5.2312,2.2312,0.0231,2.5206,0.0196,0.0217,0.0198,0.0217,0.0215,0.0208,0.3732,-0.0373,-0.0634,-0.0473,-0.0669,0.0217,0.3439,0.012,0.672,-0.1819,0.0081,0.8609,-0.328,-1.0585,-1.3421,-1.7438,0.2592,0.289,-1.9385,-1.7387,-0.097,-0.0173,0,-0.0024,-0.0028,0.0105,0.0838,0.0036,-0.0095,0.0048,-0.125198231655008,-0.075259532910605,-0.0532905238590332,0.002,1.1834,1.3423,0.6505,0.3822,0.6561,0.6182,0,0.3578,0.0964,0.2694,-0.5345,1.1834,1.4374,1.3843,0.3523,0.2793,0.4496,1.3998,1.0661,0.8235,0.6304,0.6471,0.5217,"Up"
"2009//2",0.5834,0.3041,0.9163,0.24,-0.115,-0.15,-0.0912,0.1243,0.1896,0.1175,0.0192,0.447,7.1609,4.1609,0.4698,4.6285,0.0127,0.017,0.0157,0.0124,0.0122,0.0117,0.0961,-0.0239,-0.0384,-0.0249,-0.0306,0.0124,0.1961,0.0053,1.1362,0.0589,0.0061,0.7878,0.1362,3.6306,7.4076,6.3779,0.0435,0.052,16.3157,13.6648,-0.0602,-0.0027,0,0.0023,0.0021,0.0076,0.0725,0.0025,-0.0026,0.0072,0.0577200760162301,0.0444874484136143,0.0361517222876893,-8e-04,1.2752,1.2773,1.5662,0.3825,-0.177,0.6185,0,0.2424,-0.2315,-0.9552,0.2061,1.2752,1.7243,1.6718,0.237,0.1881,0.3026,1.0217,1.2248,0.6154,0.5,0.4103,0.5909,"Down"
"2009//3",-0.3278,0.2836,-2.2302,0.0892,0.1356,-0.1445,-0.1761,-0.0774,-0.1574,0.265,0.0179,0.5947,3.5715,0.5715,0.6236,0.7187,0.0113,0.012,0.0081,0.013,0.0128,0.012,0.1666,-0.0238,-0.0299,-0.0271,-0.0322,0.013,0.2066,0.0084,0.6544,-0.2219,0.0055,1.4551,-0.3456,-1.1534,-1.8458,-2.2294,0.0848,0.0971,-3.6444,-3.1819,-0.0472,-0.0117,0,-0.0013,-0.0015,0.0027,0.0495,0.0022,-0.0058,0.0032,-0.140492113373221,-0.0924892455872522,-0.0779904834969093,0.001,1.3478,1.7123,1.1797,0.2354,0.2948,0.4851,0,0.2506,-0.004,-0.0159,-0.3634,1.3478,1.7875,1.2803,0.2461,0.1376,0.2819,2.2327,1.655,0.5652,0.6053,0.5652,0.4474,"Up"
"2009//4",0.0091,0.1358,-2.1773,-0.0514,-0.2178,0.164,-0.0023,-0.0713,0.0924,0.3949,0.0086,0.0101,3.6165,0.6165,0.0106,0.7675,0.006,0.006,0.0053,0.0068,0.0066,0.006,0.0484,-0.012,-0.0166,-0.0138,-0.0181,0.0068,0.1084,0.0039,0.6022,-0.2273,0.0023,0.7662,-0.3978,0,0,-0.0269,0.0216,0.0255,-0.0735,-0.0622,-0.0239,-0.0049,0,0,0,0.0026,0.0235,0.0011,-0.0021,0.0022,-0.137156636515452,-0.0850562826794267,-0.0647319928596998,-0.0012,0.7137,0.8891,0.738,0.1684,-0.2579,0.4103,8e-04,0.1259,-0.3566,-2.8332,-0.3683,0.7137,1.3211,1.0366,0.1229,0.0557,0.1349,0.4216,0.8358,0.4,0.3913,0.3429,0.6957,"Up"
"2010//1",0.3123,0.2446,0.0306,0.3449,0.075,-0.1009,-0.0528,-0.0458,-0.0154,0.158,0.0154,1.5486,7.2029,4.2029,1.6251,4.6583,0.0088,0.0153,0.0048,0.009,0.0088,0.0081,0.1293,-0.0213,-0.023,-0.0152,-0.0283,0.009,0.1427,0.0054,0.9353,-0.0387,0.005,1.7714,-0.0647,1.4274,2.5311,3.426,0.0619,0.0741,5.2665,4.3987,-0.0239,-0.0111,0,0.0012,0.0011,0.0117,0.0604,0.0019,-0.0026,0.0051,0.00193022691321943,0.00195797819592606,0.00105222407030441,-0.0025,1.0396,1.0412,0.5339,0.3143,-0.4668,0.5606,0,0.2026,-1.147,-5.6603,-0.0205,1.0396,1.8267,1.0242,0.201,0.1372,0.2433,0.7391,1.6924,0.4146,0.45,0.3415,0.6,"Down"
"2010//2",-0.4609,0.3015,-2.5394,0.4411,-0.0508,-0.3098,-0.2825,-0.1873,-0.0074,1e-04,0.019,-0.9557,5.4859,2.4859,-1.0037,2.8021,0.0147,0.0102,0.017,0.0163,0.0161,0.0155,0.1826,-0.0242,-0.058,-0.0367,-0.0564,0.0163,0.2584,0.0082,0.5812,-0.2098,0.0047,0.7429,-0.4188,-1.4069,-2.1775,-2.107,0.094,0.1131,-4.2449,-3.5303,-0.0676,-0.0109,0,-0.0018,-0.002,0.0109,0.0362,0.0024,-0.0067,0.003,-0.159965629080808,-0.0828620279561406,-0.053861121783283,-0.0029,0.8576,0.6868,0.8547,0.0584,-0.5178,0.2417,0.0585,0.2928,-0.6912,-2.3604,-0.6486,0.8576,0.2898,0.4102,0.2902,0.0729,0.2992,0.1878,1.4532,0.3158,0.4762,0.2895,0.5238,"Up"
"2010//3",0.4448,0.1677,0.8352,0.0774,0.0838,0.0912,-0.0921,0.0489,-0.0232,0.8939,0.0106,0.5713,4.4552,1.4552,0.5991,1.6756,0.0069,0.0084,0.0062,0.0068,0.0066,0.006,0.0483,-0.0159,-0.018,-0.0134,-0.0166,0.0068,0.1075,0.0037,1.0487,0.0263,0.0038,1.0739,0.0487,3.6311,11.1555,9.1933,0.019,0.0253,28.1965,21.2421,-0.022,-0.0027,0,0.0018,0.0017,0.006,0.0375,0.0013,-9e-04,0.0044,0.0526146783709158,0.0414785552301859,0.0335431547494774,6e-04,0.1857,-0.2788,0.3737,0.0134,0.1597,0.1156,0.363,0.187,0.2477,1.3247,0.7244,0.1857,-0.4666,-8e-04,0.1652,0.0194,0.1664,0.6032,0.0375,0.4839,0.4242,0.3226,0.697,"Down"
"2010//4",0.1991,0.1673,-0.6315,0.0114,0.2804,-0.1816,0.0161,-0.0129,-0.0345,0.2559,0.0105,0.2584,3.47,0.47,0.2709,0.6089,0.0072,0.0056,0.0038,0.0076,0.0074,0.0068,0.0769,-0.0115,-0.019,-0.0155,-0.0196,0.0076,0.1211,0.0044,0.8206,-0.1045,0.0036,1.2678,-0.1794,1.1509,2.647,3.0037,0.0281,0.0352,7.187,5.7326,-0.023,-0.011,0,8e-04,7e-04,0.0114,0.0341,0.0013,-0.0018,0.0034,-0.0397780881374208,-0.0269964569561589,-0.0214303762050607,6e-04,0.5347,-1.1357,1.3367,0.0648,0.1586,0.2545,0.0424,0.166,0.3611,2.1754,-0.2106,0.5347,5.896,0.5655,0.1605,0.0426,0.1661,0.4588,-0.0262,0.3214,0.3611,0.3214,0.6389,"Up"
"2011//1",0.3295,0.223,0.1108,0.1609,-0.1497,0.0281,0.1059,-0.0525,-0.014,0.6336,0.014,-0.7097,5.8574,2.8574,-0.7442,3.1939,0.0104,0.0075,0.0117,0.0105,0.0103,0.0098,0.1031,-0.0211,-0.0328,-0.0235,-0.0398,0.0105,0.1669,0.0049,0.9434,-0.0266,0.0047,1.1078,-0.0566,1.754,3.4554,3.2752,0.0448,0.0514,7.9116,6.9056,-0.0543,0,0,0.0013,0.0012,0.0109,0.033,0.0018,-0.0022,0.0048,0.00698099432321264,0.00417418662616447,0.00246700310677651,0.0044,1.3368,1.4591,1.6198,0.4214,2.042,0.6492,0,0.1735,0.76,4.3803,0,1.3368,3.1151,1.7005,0.1683,0.1448,0.222,1.897,0.4569,0.5455,0.2857,0.5455,0.7381,"Down"
"2011//2",0.1078,0.2052,-0.9602,0.1544,0.0607,0.2364,-0.0761,-0.0847,-0.0507,0.3664,0.0129,-0.6615,5.1303,2.1303,-0.6953,2.4211,0.0096,0.0063,0.0101,0.0102,0.01,0.0094,0.1121,-0.0196,-0.0321,-0.0224,-0.0351,0.0102,0.1613,0.0052,0.7778,-0.1141,0.0041,0.9987,-0.2222,0.4283,0.8102,1.007,0.0447,0.0568,1.996,1.5711,-0.0472,-0.0094,0,4e-04,3e-04,0.0098,0.0319,0.0017,-0.0029,0.0037,-0.0604855319673837,-0.0348837781057648,-0.0222440744257734,1e-04,1.0113,1.6736,0.7142,0.1295,0.0226,0.3599,0.0044,0.1914,0.0019,0.0098,-0.1936,1.0113,3.4565,1.0081,0.1898,0.0738,0.2037,1.356,1.3843,0.4242,0.4643,0.3939,0.5357,"Down"
"2011//3",-1.4527,0.2486,-7.0698,0.091,0.013,-0.1626,-0.102,-0.0664,0.0227,0.7393,0.0157,-1.0946,6.3624,3.3624,-1.147,3.7344,0.0124,0.0086,0.0143,0.0161,0.0159,0.0152,0.3188,-0.0322,-0.0452,-0.0348,-0.0542,0.0161,0.2554,0.0094,0.2189,-0.4569,0.0021,0.6897,-0.7811,-1.8488,-2.4288,-4.1114,0.1439,0.1746,-5.3921,-4.4424,-0.069,-0.0118,0,-0.0058,-0.0059,0,0.031,0.0019,-0.0096,-0.0019,-0.445356197237809,-0.200668592284401,-0.128746741657141,-0.0024,1.1261,-0.1849,1.7983,0.3402,-0.4509,0.5833,0,0.2026,-0.2544,-1.2557,-0.7405,1.1261,2.8023,1.6213,0.2004,0.145,0.2473,0.186,1.2984,0.3333,0.5455,0.2857,0.5909,"Up"
"2011//4",0.1645,0.2942,-0.4767,0.5176,0.4308,0.1784,-0.0399,0.0815,-0.0722,0,0.0185,1.0168,7.7398,4.7398,1.0679,5.2488,0.0119,0.0161,0.012,0.0123,0.0121,0.0115,0.1875,-0.0257,-0.0356,-0.0222,-0.0222,0.0123,0.1957,0.0064,0.8536,-0.0758,0.0054,0.5957,-0.1464,0.453,0.6946,0.7609,0.095,0.1138,1.3547,1.131,-0.0516,-0.0085,0.0028,7e-04,5e-04,0.0068,0.0745,0.0024,-0.0041,0.0054,-0.0300319007908397,-0.0251214659806694,-0.0251214659806694,0.0022,1.7237,3.106,1.3458,0.4329,0.7237,0.658,0,0.236,0.2245,0.9514,-0.0968,1.7237,3.5971,2.2029,0.2198,0.1936,0.2929,1.5952,1.152,0.6923,0.5455,0.6538,0.5758,"Up"
"2012//1",1.1287,0.2552,3.2288,0.219,-0.0765,-0.0132,-0.0485,0.0111,-0.0022,0.7037,0.0161,0.529,5.0456,2.0456,0.5548,2.3148,0.0102,0.0137,0.0107,0.0088,0.0087,0.0082,0.1,-0.0175,-0.0273,-0.0186,-0.0237,0.0088,0.14,0.004,1.7315,0.3279,0.0068,1.0476,0.7315,9.9398,19.8796,22.3079,0.0177,0.0329,112.2957,60.4541,-0.0444,-0.0026,0.0025,0.0045,0.0044,0.0119,0.0504,0.002,5e-04,0.0085,0.20339703445357,0.175655344269311,0.138032415188567,0.0035,0.6109,-0.043,0.3068,0.0353,1.4306,0.1879,0.1371,0.2525,1.7739,7.0256,1.9731,0.6109,1.1503,0.6092,0.2487,0.0479,0.2532,1.7455,-0.2045,0.5789,0.3846,0.5,0.7308,"Down"
"2012//2",0.1657,0.2392,-0.5815,0.1635,0.1624,-0.1362,-0.3774,-0.131,-0.0486,0.016,0.0151,-2.0377,11.9986,8.9986,-2.1419,9.8875,0.0122,0.0067,0.0195,0.0125,0.0124,0.012,0.1122,-0.0217,-0.0396,-0.0287,-0.0625,0.0125,0.199,0.0049,0.8116,-0.0741,0.004,0.9089,-0.1884,0.6916,1.3077,1.103,0.0351,0.0471,4.1374,3.0828,-0.0745,0,0,7e-04,5e-04,0.0106,0.033,0.0019,-0.0032,0.0045,-0.0366284897524357,-0.0192306727759308,-0.00882383742491116,-9e-04,0.9766,1.1771,2.2948,0.1121,-0.2054,0.3349,0.0083,0.2254,-0.3363,-1.4922,-0.1583,0.9766,4.4097,1.6762,0.2235,0.0801,0.2374,0.4906,0.5738,0.3158,0.1739,0.2895,0.8261,"Up"
"2012//3",0.7149,0.1447,2.8339,0.0955,-0.2217,-0.2143,-0.135,0.0456,0.1997,0.0747,0.0091,-0.655,7.9394,4.9394,-0.6869,5.4481,0.0065,0.0055,0.0111,0.006,0.0058,0.0055,0.0446,-0.0102,-0.0187,-0.0127,-0.0267,0.006,0.0948,0.0024,1.5304,0.2092,0.0036,1.4223,0.5304,7.0589,22.8707,21.5015,0.0057,0.0124,180.419,82.0332,-0.0357,0,0,0.0028,0.0028,0.0097,0.028,0.0011,6e-04,0.0051,0.178521677356967,0.127643559813565,0.0609874268296514,0.0017,0.2225,0.6013,-0.2753,0.0137,0.5154,0.1169,0.3577,0.1554,0.7043,4.5321,2.207,0.2225,1.2527,0.0649,0.1426,0.0169,0.1436,0.9875,-0.5524,0.3889,0.1154,0.3889,0.8846,"Down"
"2012//4",0.3275,0.1605,0.1414,0.2784,0.222,0.1161,0.1197,0.1132,0.056,0.0748,0.0101,-0.7746,9.3526,6.3526,-0.8129,6.9888,0.0075,0.0068,0.0114,0.0076,0.0074,0.007,0.0992,-0.0091,-0.0217,-0.016,-0.0343,0.0076,0.1203,0.0033,0.9127,-0.038,0.003,1.0996,-0.0873,1.856,3.7275,4.1346,0.023,0.0402,16.0362,9.1456,-0.042,0,0,0.0013,0.0012,0.0084,0.0364,0.0013,-0.0012,0.0038,0.00890886113190354,0.00562694399992326,0.0026246165372668,2e-04,0.2724,-0.0955,0.1799,0.0298,0.0629,0.1726,0.176,0.1745,0.1974,1.1314,0.0367,0.2724,0.2598,-0.1077,0.1568,0.0277,0.1592,0.8734,0.4126,0.3824,0.2593,0.3529,0.7407,"Up"
"2013//1",1.4319,0.3288,3.4278,0.3276,0.0188,-0.3219,-0.3571,-0.2155,-0.1294,2e-04,0.0207,-0.1994,5.2028,2.2028,-0.2096,2.4998,0.0147,0.0145,0.0173,0.0129,0.0127,0.0123,0.0955,-0.0191,-0.0495,-0.0283,-0.0457,0.0129,0.2047,0.0052,1.7825,0.3176,0.0093,0.9509,0.7825,15.1145,30.9344,22.9767,0.0264,0.0371,111.774,79.5146,-0.0588,0,0.0065,0.0057,0.0055,0.0153,0.0625,0.0027,4e-04,0.011,0.215931531658295,0.157800232228149,0.0978746894919037,0.0031,0.935,0.4689,0.4721,0.1912,1.1659,0.4373,4e-04,0.2959,2.0011,6.7632,2.054,0.935,0.4852,0.6102,0.2933,0.1438,0.3266,1.527,0.8426,0.6944,0.4348,0.5833,0.6957,"Down"
"2013//2",-0.432,0.2324,-3.1706,0.1145,-0.0439,-0.1642,-0.2707,-0.017,0.0924,0.2003,0.0146,-0.3347,5.2028,2.2028,-0.3513,2.4898,0.0107,0.0098,0.0114,0.0124,0.0122,0.0115,0.157,-0.0266,-0.0346,-0.0263,-0.0397,0.0124,0.1962,0.0069,0.5199,-0.2671,0.0036,0.7526,-0.4801,-1.4326,-2.3452,-2.4949,0.0467,0.0657,-7.9225,-5.626,-0.0526,-0.0061,0,-0.0017,-0.0018,0.006,0.0414,0.0018,-0.0054,0.002,-0.199729182083795,-0.111142334310347,-0.073715073745757,-0.001,0.9127,0.6664,1.3167,0.2002,-0.2303,0.4475,2e-04,0.208,-0.1689,-0.8118,-0.5857,0.9127,0.7375,0.733,0.2062,0.104,0.2309,1.1637,1.4081,0.48,0.5714,0.44,0.4857,"Up"
"2013//3",0.9014,0.1683,3.5448,0.3255,0.1889,-0.1133,-0.216,-0.173,-0.1938,0.0044,0.0106,0.4649,7.7492,4.7492,0.4871,5.2341,0.0071,0.0083,0.0079,0.0061,0.0059,0.0054,0.0667,-0.0059,-0.0171,-0.0113,-0.0138,0.0061,0.0965,0.0027,1.7299,0.3273,0.0047,1.1227,0.7299,8.5526,21.3815,19.3502,0.0081,0.0185,176.6129,77.1205,-0.0337,0,0,0.0036,0.0035,0.0068,0.0465,0.0013,9e-04,0.0062,0.223303361353215,0.209770205135638,0.171708805737264,0.0028,0.8446,0.1101,0.66,0.1018,1.0448,0.319,0.0096,0.1598,1.2507,7.8256,0.935,0.8446,-1.6138,0.4364,0.1583,0.0537,0.1671,1.7452,-0.2349,0.5526,0.32,0.5263,0.76,"Down"
"2013//4",0.0847,0.195,-1.1287,0.4338,0.2119,-0.0624,-0.1632,-0.1565,-0.1273,0.0029,0.0123,0.7907,4.7242,1.7242,0.8311,1.9796,0.0077,0.0101,0.0061,0.0084,0.0082,0.0075,0.1055,-0.0155,-0.0209,-0.0164,-0.0195,0.0084,0.1341,0.0051,0.7562,-0.1481,0.0039,1.224,-0.2438,0.3325,0.6475,0.5763,0.0453,0.0572,1.4729,1.1661,-0.0263,-0.0056,0,3e-04,3e-04,0.0056,0.0393,0.0016,-0.0028,0.0035,-0.0711031369593026,-0.0532652252401013,-0.0447232303843429,-1e-04,1.0468,2.4679,1.04,0.1392,-0.0223,0.3731,0.0031,0.181,-0.0521,-0.2879,-0.2029,1.0468,2.1205,1.1947,0.1794,0.0728,0.1936,0.5012,0.4256,0.2812,0.5,0.2812,0.5417,"Down"
"2014//1",-0.0881,0.1967,-1.9978,0.0497,-0.037,0.0187,-0.2025,0.164,-0.085,0.4764,0.0124,-0.5765,5.5619,2.5619,-0.605,2.8791,0.0093,0.0078,0.0106,0.0102,0.01,0.0094,0.1237,-0.0203,-0.03,-0.0219,-0.0351,0.0102,0.162,0.0052,0.6271,-0.1898,0.0033,0.7372,-0.3729,-0.4546,-0.822,-0.9872,0.0611,0.0684,-1.6905,-1.511,-0.0442,-0.0054,0,-3e-04,-4e-04,0.0055,0.0353,0.0016,-0.0035,0.0028,-0.125852049956196,-0.0713023463121835,-0.0444107040029674,-0.0016,0.0064,0.0065,-0.1284,1e-04,-0.324,0.0085,0.9472,0.3273,-0.1171,-0.3577,-53.1309,0.0064,0.9171,-0.1094,0.1951,0.0017,0.1951,0.2073,0.3186,0.4242,0.3667,0.303,0.7,"Up"
"2014//2",0.4408,0.1697,0.8018,-0.0168,0.0028,0.1138,-0.0819,0.0203,0.1234,0.8772,0.0107,-0.7739,6.1557,3.1557,-0.8135,3.5357,0.0079,0.0065,0.0098,0.0078,0.0076,0.0071,0.07,-0.0151,-0.0255,-0.0172,-0.0304,0.0078,0.1239,0.0036,1.0449,0.0208,0.0038,0.9062,0.0449,3.1267,7.5933,8.5624,0.0169,0.0286,31.2882,18.5039,-0.0408,0,0,0.0017,0.0017,0.0054,0.0258,0.0014,-0.001,0.0045,0.05051119311672,0.0313441369455857,0.017770041008452,0.0015,0.6966,1.1646,-0.0515,0.0669,0.4656,0.2587,0.0441,0.165,0.5813,3.523,0.1859,0.6966,-33.2971,0.8068,0.1625,0.0439,0.1684,1.5179,0.3212,0.5,0.3448,0.4688,0.6897,"Up"
"2014//3",0.5215,0.2128,1.0184,0.3095,-0.219,-0.2692,-0.1846,-0.1827,-0.0855,0.0024,0.0134,-0.4749,6.9516,3.9516,-0.4976,4.3716,0.0097,0.0087,0.0114,0.0095,0.0093,0.0088,0.0855,-0.017,-0.0281,-0.0205,-0.0374,0.0095,0.1507,0.0043,1.111,0.0508,0.0048,0.9844,0.111,3.4856,7.5638,6.2588,0.0191,0.0277,33.7412,23.2596,-0.0517,0,0,0.0021,0.002,0.0089,0.0446,0.0017,-0.0013,0.0054,0.064154139206821,0.0419757767174881,0.0229715670285427,9e-04,0.8472,0.8076,0.5384,0.1169,0.2604,0.3419,0.0053,0.2004,0.3187,1.5907,0.253,0.8472,1.01,0.7254,0.1984,0.0727,0.2113,1.2349,0.7702,0.475,0.36,0.425,0.64,"Down"
"2014//4",-0.0398,0.2492,-1.383,0.2025,0.0455,-0.1791,-0.1919,-0.1523,-0.0836,0.1429,0.0157,-0.912,6.7489,3.7489,-0.9578,4.1731,0.0121,0.0086,0.0141,0.0129,0.0127,0.0122,0.1176,-0.025,-0.0395,-0.0284,-0.05,0.0129,0.2049,0.0062,0.7185,-0.1352,0.0045,0.698,-0.2815,-0.3136,-0.5801,-0.5318,0.0407,0.0523,-1.7175,-1.3358,-0.0625,-0.0085,0,-2e-04,-3e-04,0.0087,0.0455,0.002,-0.0041,0.0038,-0.0871200842843142,-0.0481804622518014,-0.0273729280365141,-1e-04,0.7954,1.5473,1.254,0.1493,-0.0186,0.3864,0.0019,0.2312,0.0378,0.1635,-0.3939,0.7954,1.8421,1.2494,0.228,0.0963,0.2475,0.4001,0.3971,0.4643,0.3438,0.4286,0.6875,"Up"
"2015//1",0.2487,0.1444,-0.3883,-0.1473,-0.1776,0.1231,0.0435,-0.1747,-0.0762,0.2951,0.0091,0.4575,2.871,-0.129,0.4802,-0.0382,0.0059,0.0053,0.0027,0.0063,0.006,0.0053,0.0333,-0.0087,-0.0129,-0.0127,-0.0151,0.0063,0.0993,0.0039,0.8462,-0.096,0.0033,1.3748,-0.1538,2.0188,8.0753,5.0534,0.0087,0.0119,30.7522,22.4892,-0.0169,-0.0084,0,0.001,9e-04,0.0084,0.0261,0.0011,-0.0013,0.0033,-0.0244637192339629,-0.0175627074048157,-0.0147049795007201,2e-04,0.5258,1.6614,0.7889,0.0562,0.0492,0.2371,0.0613,0.1437,0.1589,1.1058,-0.1221,0.5258,-2.3329,0.7909,0.1392,0.0342,0.1433,0.6207,0.0931,0.3784,0.3077,0.3514,0.6923,"Down"
"2015//2",-0.3729,0.2044,-3.3146,0.2577,-0.2494,-0.0075,0.1349,-0.0077,-0.213,0.0479,0.0129,0.0884,3.7683,0.7683,0.0929,0.9404,0.0089,0.008,0.0079,0.0106,0.0104,0.0097,0.1538,-0.0242,-0.0291,-0.022,-0.0283,0.0106,0.1682,0.0065,0.5272,-0.2894,0.0034,1.0566,-0.4728,-1.2822,-2.1156,-2.9594,0.0766,0.0926,-4.267,-3.5325,-0.0339,-0.0086,0,-0.0015,-0.0016,0.0078,0.0339,0.0016,-0.0048,0.0018,-0.208798152919464,-0.122407628388473,-0.0950319701724345,-0.0025,0.09,-0.5491,0.3005,0.001,-0.4654,0.0312,0.8114,0.2143,-0.0824,-0.3847,-5.587,0.09,-1.0373,-0.1783,0.2027,0.0064,0.2028,-0.8803,0.1734,0.1739,0.3421,0.1739,0.6842,"Down"
"2015//3",-0.5643,0.2684,-3.2382,0.2989,0.0286,-0.173,-0.031,0.0672,0.06,0.1721,0.0169,1.1191,7.0255,4.0255,1.1718,4.4447,0.0105,0.0151,0.0085,0.0128,0.0126,0.0118,0.2321,-0.0245,-0.0329,-0.0227,-0.0251,0.0128,0.2033,0.0083,0.5405,-0.2987,0.0045,0.9679,-0.4595,-1.3587,-1.944,-2.0793,0.1271,0.1494,-3.563,-3.0313,-0.0408,-0.0108,-0.0026,-0.0022,-0.0024,0.0054,0.0707,0.0021,-0.0064,0.0019,-0.203985715192927,-0.151647433538105,-0.137568899027378,-2e-04,0.9021,1.3679,0.8814,0.1823,-0.044,0.4269,4e-04,0.243,0.0094,0.0387,-0.6605,0.9021,2.0376,0.9024,0.2409,0.1146,0.2667,0.7664,0.8546,0.4762,0.5778,0.381,0.5333,"Up"
"2015//4",-0.2366,0.3213,-1.6848,0.1603,-0.0817,-0.1609,-0.0562,-0.0257,-0.0973,0.5624,0.0202,1.5324,9.6727,6.6727,1.6081,7.3358,0.0122,0.0203,0.0111,0.0136,0.0134,0.0127,0.1755,-0.0312,-0.0385,-0.0216,-0.0276,0.0136,0.2166,0.0081,0.6873,-0.1851,0.0056,0.9968,-0.3127,-0.9045,-1.4197,-1.6784,0.1253,0.1301,-2.0023,-1.9282,-0.0473,-0.012,0,-9e-04,-0.0011,0.0063,0.0938,0.0026,-0.006,0.0042,-0.106134669379842,-0.0993145505494394,-0.0778043684606044,-2e-04,1.1644,4.5169,1.8772,0.15,-0.0416,0.3873,0.0017,0.2968,-0.1279,-0.431,-0.3837,1.1644,1.2506,1.7566,0.2939,0.1245,0.3191,0.7172,0.9202,0.3333,0.5152,0.2667,0.5758,"Up"
"2016//1",-0.1979,0.1838,-2.7354,0.2125,-0.0393,-0.0107,0.1155,0.1725,0.0451,0.404,0.0116,0.1404,4.217,1.217,0.1475,1.4245,0.008,0.0085,0.0079,0.0093,0.009,0.0084,0.1429,-0.0231,-0.0263,-0.0189,-0.0249,0.0093,0.1469,0.0054,0.5601,-0.2564,0.003,1.0141,-0.4399,-0.7953,-1.3519,-2.0909,0.0829,0.0896,-2.3483,-2.1733,-0.0305,-0.0063,0,-8e-04,-9e-04,0.0061,0.0316,0.0015,-0.0037,0.0022,-0.172314359713635,-0.10538761448227,-0.0802256196563776,-9e-04,0.7954,1.8428,0.7979,0.1716,-0.1948,0.4143,8e-04,0.1684,-0.1354,-0.8042,-0.5097,0.7954,-3.812,1.0801,0.1659,0.0761,0.1825,0.557,0.8295,0.3871,0.5484,0.3548,0.5806,"Down"
"2016//2",-0.8069,0.1932,-5.7528,0.0529,-0.0667,0.1441,0.1358,-0.0902,-0.0052,0.7095,0.0122,-0.8951,7.266,4.266,-0.9393,4.7267,0.0091,0.0065,0.0096,0.0117,0.0115,0.0108,0.2105,-0.0145,-0.0314,-0.0249,-0.0431,0.0117,0.186,0.0071,0.3302,-0.4087,0.0024,0.6379,-0.6698,-1.8117,-2.6722,-4.6669,0.0818,0.1129,-6.8974,-4.9968,-0.0542,-0.0073,-0.0058,-0.0032,-0.0033,0.0059,0.0309,0.0015,-0.0063,-1e-04,-0.362389596604414,-0.177047150541431,-0.102382744494264,-0.0037,0.2567,-0.4261,0.2703,0.0133,-0.611,0.1154,0.3678,0.2025,-0.2612,-1.2898,-2.6409,0.2567,0.8021,0.2273,0.1904,0.0223,0.1917,-0.8716,0.6265,0.2414,0.5882,0.2069,0.5,"Up"
"2016//3",-0.632,0.4517,-2.0739,0.2751,-0.1255,-0.2506,-0.1023,0.1657,-0.0471,0.0377,0.0285,-0.7473,7.3953,4.3953,-0.7836,4.859,0.0216,0.0219,0.028,0.0233,0.0232,0.0226,0.2741,-0.0437,-0.0804,-0.0521,-0.0944,0.0233,0.3703,0.0104,0.6064,-0.1755,0.0063,0.7177,-0.3936,-1.392,-1.8999,-1.7813,0.1108,0.1452,-4.7154,-3.5961,-0.1,-0.0078,0,-0.0025,-0.0029,0.0078,0.0882,0.0036,-0.0096,0.0046,-0.130644155194306,-0.0712954342334746,-0.0393988403338884,0.0028,2.2041,4.9497,2.4703,0.5492,1.0358,0.7411,0,0.3541,-0.1551,-0.4379,-0.2936,2.2041,2.2884,2.3707,0.3009,0.3347,0.4501,0.9971,1.1842,0.44,0.4615,0.4,0.5897,"Up"
"2016//4",0.1301,0.2064,-0.8463,0.1961,0.0406,0.0201,0.0693,0.0995,-0.0489,0.7082,0.013,0.5025,5.3749,2.3749,0.5282,2.687,0.0086,0.0109,0.0082,0.0092,0.009,0.0084,0.0894,-0.0177,-0.0261,-0.0182,-0.0224,0.0092,0.1454,0.0049,0.783,-0.1169,0.0039,1.2007,-0.217,0.6091,1.2902,1.2315,0.0485,0.0583,2.348,1.9533,-0.0345,-0.0081,0,5e-04,4e-04,0.0087,0.0446,0.0017,-0.0028,0.0038,-0.0533117662640077,-0.0381423743736368,-0.0309275927084381,0.001,1.1404,1.3536,0.7486,0.2037,0.2873,0.4513,3e-04,0.1846,0.186,1.0078,-0.1558,1.1404,1.8558,1.6375,0.1827,0.0932,0.2051,1.1166,0.7245,0.44,0.3056,0.4,0.6944,"Up"
"2017//1",0.7998,0.3276,1.5112,0.565,0.1278,-0.0139,0.0155,-0.0373,-0.0571,8e-04,0.0206,0.3922,2.8408,-0.1592,0.4112,-0.0725,0.0135,0.0139,0.009,0.0126,0.0123,0.0117,0.2137,-0.0278,-0.0338,-0.0282,-0.034,0.0126,0.1995,0.0073,1.2184,0.1263,0.0089,1.2694,0.2184,3.5362,5.1912,6.2648,0.0922,0.1155,12.0195,9.5928,-0.04,-0.0099,0,0.0032,0.003,0.0159,0.0556,0.0026,-0.002,0.0083,0.0951960970574192,0.0695948730948183,0.0577182914014872,0.0038,1.1789,-0.8375,1.7438,0.1548,1.5965,0.3934,0.0013,0.3018,1.1972,3.9672,0.4717,1.1789,6.6772,0.8759,0.2988,0.1289,0.3254,2.0394,0.7637,0.5758,0.5161,0.5758,0.5484,"Down"
"2017//2",0.3949,0.3057,0.2948,0.022,0.0683,-0.0599,0.1233,0.0561,0.068,0.9097,0.0193,-1.5967,8.9818,5.9818,-1.6797,6.6191,0.0153,0.0091,0.0186,0.0153,0.0152,0.0147,0.1166,-0.0251,-0.0486,-0.0353,-0.0686,0.0153,0.2433,0.0067,0.997,-0.0013,0.0067,0.6174,-0.003,1.9206,3.5682,2.7668,0.0418,0.0533,9.9172,7.777,-0.0876,-0.0068,0.0031,0.0016,0.0014,0.0129,0.0342,0.0025,-0.0034,0.0065,0.0185678259163929,0.0101320322752811,0.00520971525553403,-8e-04,0.9004,0.5068,0.365,0.0615,-0.1789,0.2479,0.0562,0.2962,-0.442,-1.4921,0.049,0.9004,1.0285,1.0329,0.2936,0.0758,0.3033,0.9913,1.9116,0.6,0.3684,0.55,0.6316,"Down"
"2017//3",0.35,0.2229,0.2025,0.3267,-0.0638,-0.0453,0.002,-8e-04,0.0329,0.2645,0.014,-0.5161,5.8085,2.8085,-0.5412,3.1409,0.0102,0.0094,0.0119,0.0103,0.0101,0.0096,0.0989,-0.0175,-0.0319,-0.0227,-0.0381,0.0103,0.1633,0.0049,0.9593,-0.0193,0.0047,0.8627,-0.0407,1.932,3.8856,3.4652,0.0297,0.0454,12.8899,8.4337,-0.0514,-0.0059,0,0.0014,0.0013,0.0063,0.0402,0.0018,-0.0021,0.0049,0.0127585332648472,0.00788818691517509,0.00469788758512912,8e-04,1.0496,1.2339,1.1123,0.4624,0.2117,0.68,0,0.1636,0.2173,1.3281,0.0198,1.0496,0.9077,1.0828,0.1622,0.1516,0.222,1.0854,0.8591,0.5714,0.5172,0.5143,0.5862,"Down"
"2017//4",0.2075,0.2303,-0.4227,0.4594,0.0317,-0.0962,0.1233,0.1382,-0.2159,0.0044,0.0145,0.9861,4.3108,1.3108,1.0393,1.5423,0.0086,0.0126,0.0058,0.0091,0.0088,0.0081,0.1098,-0.0141,-0.0227,-0.0182,-0.0231,0.0091,0.1442,0.0058,0.8683,-0.0841,0.005,1.2238,-0.1317,0.9494,1.8144,1.4835,0.0407,0.0514,4.859,3.8459,-0.0321,-0.0066,0,8e-04,7e-04,0.0061,0.0446,0.0019,-0.003,0.0046,-0.0266277869432007,-0.0212742821017089,-0.0167343535674861,0.0013,1.2051,1.3845,0.6919,0.2727,0.3762,0.5222,0,0.1974,0.2441,1.2364,-0.0962,1.2051,1.7838,1.2903,0.1947,0.1203,0.2288,1.4792,1.0332,0.5417,0.5,0.5,0.5588,"Up"
"2018//1",0.8026,0.19,2.6201,0.0284,-0.0476,0.0724,-0.1478,-0.0581,-0.1124,0.78,0.012,-1.0519,5.2772,2.2772,-1.1039,2.5705,0.0093,0.0059,0.0111,0.0086,0.0085,0.008,0.0497,-0.0194,-0.0285,-0.0191,-0.0304,0.0086,0.1369,0.0037,1.4377,0.1852,0.0052,0.7649,0.4377,7.9421,23.9145,15.8924,0.0099,0.0156,119.5806,76.0098,-0.0385,0,0.0055,0.0032,0.0031,0.0108,0.0272,0.0015,2e-04,0.0062,0.165052767192573,0.103413858293768,0.0650406451180465,0.0027,1.1614,1.0479,1.9716,0.173,0.9821,0.4159,7e-04,0.1731,1.0374,5.9925,0.5297,1.1614,-20.6623,1.4208,0.1714,0.079,0.1887,1.5056,-0.1016,0.6176,0.3448,0.6176,0.6897,"Down"
"2018//2",-0.4621,0.2085,-3.6783,0.2955,0.2504,-0.0553,-0.0238,-0.2277,-0.2169,0.0102,0.0131,-0.7148,4.2721,1.2721,-0.7513,1.4881,0.0101,0.0058,0.0102,0.0118,0.0116,0.011,0.1528,-0.0192,-0.0365,-0.0254,-0.0355,0.0118,0.1881,0.0067,0.4886,-0.2888,0.0033,0.6116,-0.5114,-1.5181,-2.5118,-2.711,0.0849,0.0972,-4.541,-3.9625,-0.045,-0.0102,0,-0.0018,-0.0019,0.0094,0.027,0.0017,-0.0052,0.0015,-0.231708376195676,-0.119593845799316,-0.0857758567347472,-0.0013,0.4587,1.2868,-0.1623,0.0391,-0.2821,0.1978,0.1266,0.2101,0.0941,0.4477,-1.1904,0.4587,2.7363,0.6231,0.2027,0.0412,0.2068,0.2849,0.5681,0.4211,0.4286,0.4211,0.6667,"Down"
"2018//3",-0.546,0.2257,-3.7702,0.2207,0.1052,-0.0804,-0.0371,0.056,0.1721,0.3256,0.0142,0.5851,4.3174,1.3174,0.6136,1.5264,0.0092,0.0108,0.0073,0.0115,0.0113,0.0105,0.2549,-0.0192,-0.0278,-0.0226,-0.0268,0.0115,0.1825,0.0075,0.5019,-0.3265,0.0038,0.9292,-0.4981,-1.2268,-1.7081,-3.1132,0.0846,0.1227,-5.1661,-3.5621,-0.0373,-0.0106,0,-0.0022,-0.0023,0.0052,0.0461,0.0018,-0.0057,0.0014,-0.237497368407594,-0.149690902811781,-0.126202685492635,0.0011,1.381,3.4797,1.5528,0.3762,0.3331,0.6133,0,0.1823,-0.0269,-0.1476,-0.423,1.381,1.1393,1.703,0.1768,0.1384,0.2246,0.6071,0.8729,0.44,0.5385,0.36,0.5641,"Up"
"2018//4",-0.2533,0.1708,-3.2674,0.5242,0.1307,0.0089,-0.1454,-0.1741,-0.0554,9e-04,0.0108,0.5727,6.3717,3.3717,0.6015,3.7636,0.0072,0.0091,0.007,0.0086,0.0084,0.0077,0.1173,-0.0163,-0.0226,-0.016,-0.0186,0.0086,0.1365,0.0052,0.5048,-0.3015,0.0026,0.9551,-0.4952,-1.081,-2.0028,-2.2716,0.0484,0.0554,-4.8827,-4.267,-0.0329,-0.0064,0,-0.001,-0.0011,0.0051,0.0408,0.0014,-0.0037,0.0017,-0.205828546248946,-0.13815104797691,-0.118891257014923,-0.0015,0.4697,0.1833,0.4651,0.0767,-0.3228,0.2769,0.0294,0.1726,-0.1773,-1.0272,-0.9288,0.4697,5.4147,0.3356,0.1628,0.0473,0.1695,0.2887,0.6602,0.4,0.5312,0.3667,0.625,"Up"
"2019//1",0.67,0.2025,1.8034,0.2725,0.1031,0.0177,-0.1536,-0.2042,-0.085,0.0967,0.0128,1.4813,5.6906,2.6906,1.5546,3.0187,0.0068,0.013,0.0048,0.0061,0.0059,0.0052,0.0569,-0.0095,-0.0148,-0.0116,-0.0234,0.0061,0.0968,0.0038,1.2809,0.1756,0.0049,1.9616,0.2809,5.827,16.0708,13.3183,0.0152,0.0222,60.1645,41.1551,-0.0223,-0.0043,-0.0011,0.0027,0.0026,0.0048,0.049,0.0016,-6e-04,0.0059,0.113603678808111,0.124723486876901,0.0618166781288587,0.0024,0.8763,1.2044,0.3461,0.1704,0.8444,0.4128,8e-04,0.1848,0.8964,4.85,0.4703,0.8763,1.4545,0.8216,0.183,0.0836,0.2012,1.2948,0.225,0.5,0.6061,0.3333,0.7273,"Down"
"2019//2",-0.5557,0.2329,-3.6943,0.3374,0.1531,-0.0189,-0.1291,-0.0853,-0.0873,0.0884,0.0147,-0.3856,10.6216,7.6216,-0.4053,8.3905,0.011,0.0122,0.0138,0.0126,0.0124,0.0119,0.1969,-0.0225,-0.0414,-0.0255,-0.0463,0.0126,0.1999,0.0059,0.3619,-0.3012,0.0022,0.6031,-0.6381,-1.4884,-2.2443,-2.7557,0.0911,0.113,-4.8664,-3.9239,-0.0578,-0.0041,-0.0011,-0.0022,-0.0023,0.0013,0.0575,0.0019,-0.006,0.0016,-0.232717868368126,-0.134131916773557,-0.0738158436364716,-0.0018,0.6361,-0.2303,1.5826,0.0801,-0.3726,0.2831,0.0271,0.2266,-0.1671,-0.7374,-0.9259,0.6361,-0.4258,0.1386,0.2216,0.0659,0.2312,0.6202,1.0959,0.48,0.5556,0.32,0.6389,"Up"
"2019//3",0.3727,0.141,0.4818,0.2397,0.1283,0.042,-0.0341,0.1775,-0.0939,0.2244,0.0089,-1.5335,12.4513,9.4513,-1.6069,10.3191,0.0067,0.006,0.0089,0.0068,0.0066,0.0062,0.0619,-0.0092,-0.0191,-0.0148,-0.0379,0.0068,0.1074,0.0028,0.9615,-0.016,0.0027,0.8158,-0.0385,2.6998,7.0627,7.0435,0.0137,0.0211,31.8357,20.6167,-0.0438,-0.0013,0.0012,0.0015,0.0014,0.0051,0.0232,0.0011,-7e-04,0.0037,0.0303500817128428,0.0182276981188558,0.00710246803489279,0.0014,0.4689,0.8088,0.8914,0.0674,0.4243,0.2596,0.0368,0.1423,0.7024,4.9361,0.1274,0.4689,3.1524,0.6398,0.1351,0.0366,0.1399,0.7456,-0.1633,0.5714,0.3333,0.5,0.8333,"Up"
"2019//4",1.0917,0.3256,2.4164,0.2476,-0.281,-0.0295,0.2466,0.0307,-0.1745,0.0172,0.0205,0.965,6.8927,3.8927,1.0143,4.3369,0.0126,0.019,0.0132,0.0112,0.011,0.0105,0.1023,-0.0165,-0.0345,-0.0216,-0.0232,0.0112,0.1778,0.0051,1.5374,0.2451,0.0079,1.0681,0.5374,9.0151,17.8234,16.0758,0.0288,0.0413,63.364,44.1378,-0.054,-0.0049,0,0.0043,0.0041,0.0097,0.0759,0.0026,-9e-04,0.0096,0.152217811055983,0.144579339865432,0.134607282626371,0.0027,1.5562,1.7002,1.2121,0.3973,0.9819,0.6303,0,0.2632,1.3887,5.2753,0.6967,1.5562,1.5207,1.3569,0.2507,0.2053,0.324,1.6709,0.7532,0.6667,0.5172,0.4333,0.5862,"Down"
"2020//1",-1.6366,0.4261,-4.5563,0.2105,-0.2218,-0.0921,-0.07,0.0278,0.1637,0.1665,0.0268,-1.2137,4.8133,1.8133,-1.2737,2.0675,0.0219,0.0124,0.026,0.0256,0.0254,0.0248,0.3836,-0.0686,-0.0779,-0.0578,-0.0765,0.0256,0.406,0.013,0.3775,-0.316,0.0049,0.4427,-0.6225,-1.7028,-2.1466,-2.6075,0.1326,0.1823,-6.2235,-4.5261,-0.0948,-0.0099,-0.0012,-0.0065,-0.0069,0.0048,0.0378,0.0034,-0.0133,3e-04,-0.287016908468012,-0.133359257292441,-0.100756289163696,0.0019,1.6366,1.1689,1.8731,0.6154,0.6212,0.7845,0,0.2945,-0.1245,-0.4228,-0.5317,1.6366,1.9744,1.6815,0.2622,0.3342,0.4248,1.2091,1.3359,0.5789,0.6364,0.5263,0.4545,"Up"
"2020//2",0.2136,0.334,-0.2731,-0.0684,-0.0071,-0.1521,0.052,2e-04,-0.0588,0.898,0.021,0.3931,7.3455,4.3455,0.4136,4.8377,0.0142,0.0181,0.0158,0.0146,0.0144,0.0138,0.1681,-0.0285,-0.0502,-0.0293,-0.0365,0.0146,0.231,0.007,0.8941,-0.0508,0.0062,0.9314,-0.1059,0.6427,1.0251,1.2691,0.0896,0.1132,1.9056,1.5079,-0.0644,-0.0055,0,8e-04,6e-04,0.0092,0.0826,0.0027,-0.0046,0.0063,-0.0172005706901392,-0.0123731914410031,-0.00991430643331068,0.0014,1.2968,2.0487,0.8003,0.2806,0.4317,0.5297,0,0.2862,0.2226,0.7776,-0.1047,1.2968,-17.222,1.5041,0.2809,0.1769,0.332,1.277,0.9749,0.5,0.6,0.4,0.7,"Up"
"2020//3",0.3162,0.2597,0.0439,0.3641,0.1934,0.0385,-0.0598,-0.1403,-0.0173,0.0369,0.0164,-0.3707,6.3928,3.3928,-0.3884,3.7673,0.0117,0.0117,0.013,0.0119,0.0117,0.0111,0.1596,-0.0195,-0.0362,-0.026,-0.0442,0.0119,0.1882,0.0057,0.9413,-0.0281,0.0053,0.9182,-0.0587,1.2589,2.0479,2.567,0.0486,0.0639,6.685,5.0861,-0.0614,-0.0073,0.0013,0.0013,0.0011,0.0097,0.0535,0.002,-0.0028,0.0053,0.00276715294424148,0.00174089886751707,0.00102342332041937,0.0013,0.6711,0.9727,0.1637,0.1104,0.3957,0.3323,0.0068,0.2485,0.4945,1.9897,-0.0323,0.6711,-0.111,0.1881,0.243,0.0863,0.2579,1.5543,0.7905,0.6471,0.5333,0.5588,0.7,"Down"
"2020//4",-0.0921,0.1417,-2.8019,0.3624,0.0839,-0.1306,-0.1439,-0.1711,-0.2266,0.0069,0.0089,0.2103,3.8876,0.8876,0.2205,1.061,0.0061,0.0065,0.0059,0.0072,0.007,0.0063,0.0946,-0.0151,-0.0186,-0.0142,-0.0182,0.0072,0.1145,0.0043,0.5485,-0.2707,0.0024,0.7749,-0.4515,-0.4983,-1.0249,-1.2829,0.0511,0.0548,-1.9282,-1.7996,-0.0231,-0.0054,0,-4e-04,-4e-04,0.0041,0.0243,0.0011,-0.0026,0.0019,-0.176501684582513,-0.110658378182871,-0.0865619143039655,-0.001,0.5569,0.6488,0.5098,0.0964,-0.2196,0.3104,0.0125,0.1391,-0.1316,-0.9462,-0.6005,0.5569,0.5195,0.8864,0.1336,0.044,0.1407,0.2129,0.431,0.3824,0.5333,0.2353,0.6333,"Down"
