"","Date","Price"
"1","2012-07-27","84.32"
"2","2012-07-30","84.02"
"3","2012-07-31","83.26"
"4","2012-08-01","83.01"
"5","2012-08-02","82.98"
"6","2012-08-03","83.69"
"7","2012-08-06","83.27"
"8","2012-08-07","83.46"
"9","2012-08-08","83.64"
"10","2012-08-09","83.86"
"11","2012-08-10","83.86"
"12","2012-08-13","83.13"
"13","2012-08-14","83.22"
"14","2012-08-15","83.16"
"15","2012-08-16","83.6"
"16","2012-08-17","83.67"
"17","2012-08-21","83.48"
"18","2012-08-22","83.7"
"19","2012-08-23","84.01"
"20","2012-08-24","83.84"
"21","2012-08-27","83.95"
"22","2012-08-28","83.91"
"23","2012-08-29","84.36"
"24","2012-08-30","84.87"
"25","2012-08-31","84.66"
"26","2012-09-03","84.95"
"27","2012-09-04","85.62"
"28","2012-09-05","85.82"
"29","2012-09-06","85.35"
"30","2012-09-07","85.9"
"31","2012-09-10","85.16"
"32","2012-09-11","86.59"
"33","2012-09-12","87.25"
"34","2012-09-13","87.22"
"35","2012-09-14","86.61"
"36","2012-09-17","86.84"
"37","2012-09-18","87.04"
"38","2012-09-19","86.95"
"39","2012-09-20","86.37"
"40","2012-09-21","86.41"
"41","2012-09-24","86.29"
"42","2012-09-25","86.43"
"43","2012-09-26","86.22"
"44","2012-09-27","86.98"
"45","2012-09-28","87.38"
"46","2012-10-01","87.17"
"47","2012-10-02","86.63"
"48","2012-10-03","87.11"
"49","2012-10-04","87.08"
"50","2012-10-05","87.54"
"51","2012-10-08","86.97"
"52","2012-10-09","87.19"
"53","2012-10-10","87.13"
"54","2012-10-11","87.85"
"55","2012-10-12","87.71"
"56","2012-10-15","87.89"
"57","2012-10-16","88.02"
"58","2012-10-17","88.5"
"59","2012-10-18","88.85"
"60","2012-10-19","89.13"
"61","2012-10-22","89.51"
"62","2012-10-23","89.78"
"63","2012-10-24","90.28"
"64","2012-10-25","90.62"
"65","2012-10-26","91.18"
"66","2012-10-29","91.43"
"67","2012-10-30","91.78"
"68","2012-10-31","91.67"
"69","2012-11-01","91.28"
"70","2012-11-02","91.3"
"71","2012-11-05","91.44"
"72","2012-11-06","91.36"
"73","2012-11-07","91.84"
"74","2012-11-08","91.83"
"75","2012-11-09","92.94"
"76","2012-11-12","92.91"
"77","2012-11-13","92.62"
"78","2012-11-14","92.36"
"79","2012-11-15","92.66"
"80","2012-11-16","92.59"
"81","2012-11-19","92.26"
"82","2012-11-20","92.59"
"83","2012-11-21","93.13"
"84","2012-11-22","93.18"
"85","2012-11-23","93.47"
"86","2012-11-26","93.9"
"87","2012-11-27","92.78"
"88","2012-11-28","92.56"
"89","2012-11-29","92.26"
"90","2012-11-30","92.2"
"91","2012-12-03","92.05"
"92","2012-12-04","91.98"
"93","2012-12-05","91.86"
"94","2012-12-06","91.52"
"95","2012-12-07","91.95"
"96","2012-12-10","91.87"
"97","2012-12-11","92.2"
"98","2012-12-13","92.8"
"99","2012-12-14","93.03"
"100","2012-12-17","93.19"
"101","2012-12-18","93.38"
"102","2012-12-19","93.8"
"103","2012-12-20","94"
"104","2012-12-21","94.13"
"105","2012-12-24","94.24"
"106","2012-12-27","94.74"
"107","2012-12-28","94.78"
"108","2012-12-31","94.86"
"109","2013-01-02","95.55"
"110","2013-01-03","96.07"
"111","2013-01-04","97.3"
"112","2013-01-07","97.55"
"113","2013-01-08","98.91"
"114","2013-01-09","101.03"
"115","2013-01-10","101.02"
"116","2013-01-11","101.63"
"117","2013-01-14","102.76"
"118","2013-01-15","104.28"
"119","2013-01-16","106.1"
"120","2013-01-17","105.82"
"121","2013-01-18","104.78"
"122","2013-01-21","104.31"
"123","2013-01-22","104.1"
"124","2013-01-23","103.39"
"125","2013-01-24","102.45"
"126","2013-01-25","103.03"
"127","2013-01-28","102.95"
"128","2013-01-29","102.64"
"129","2013-01-30","102.79"
"130","2013-01-31","103.5"
"131","2013-02-01","104.09"
"132","2013-02-04","104.3"
"133","2013-02-05","104.58"
"134","2013-02-06","105.39"
"135","2013-02-07","106.23"
"136","2013-02-08","107.42"
"137","2013-02-11","108.36"
"138","2013-02-12","109.23"
"139","2013-02-13","109.5"
"140","2013-02-14","108.5"
"141","2013-02-15","107.58"
"142","2013-02-18","106.72"
"143","2013-02-19","106.06"
"144","2013-02-20","105.13"
"145","2013-02-21","105.39"
"146","2013-02-22","105.27"
"147","2013-02-25","104.92"
"148","2013-02-26","105.19"
"149","2013-02-27","106.55"
"150","2013-02-28","106.91"
"151","2013-03-01","107.18"
"152","2013-03-05","108.09"
"153","2013-03-06","109.28"
"154","2013-03-07","110.3"
"155","2013-03-08","111.79"
"156","2013-03-11","115.37"
"157","2013-03-12","119.37"
"158","2013-03-13","118.02"
"159","2013-03-14","115.93"
"160","2013-03-15","113.23"
"161","2013-03-18","112.56"
"162","2013-03-19","113.2"
"163","2013-03-20","113.52"
"164","2013-03-21","113.21"
"165","2013-03-22","113.45"
"166","2013-03-25","114.09"
"167","2013-03-26","114.78"
"168","2013-03-27","117.23"
"169","2013-03-28","117.91"
"170","2013-04-02","121.58"
"171","2013-04-03","121.58"
"172","2013-04-04","120.45"
"173","2013-04-05","120.65"
"174","2013-04-08","120.41"
"175","2013-04-10","121.53"
"176","2013-04-11","122.14"
"177","2013-04-12","121.71"
"178","2013-04-15","120.94"
"179","2013-04-16","120.15"
"180","2013-04-17","119.73"
"181","2013-04-18","119.46"
"182","2013-04-19","118.99"
"183","2013-04-22","118.26"
"184","2013-04-23","117.98"
"185","2013-04-24","118.38"
"186","2013-04-25","117.47"
"187","2013-04-26","117.41"
"188","2013-04-29","117.36"
"189","2013-04-30","118.07"
"190","2013-05-02","119.49"
"191","2013-05-03","120.06"
"192","2013-05-06","120.99"
"193","2013-05-07","121.95"
"194","2013-05-08","122.9"
"195","2013-05-09","123.35"
"196","2013-05-10","122.52"
"197","2013-05-13","122.57"
"198","2013-05-14","122.86"
"199","2013-05-15","125.16"
"200","2013-05-16","126.52"
"201","2013-05-17","126.75"
"202","2013-05-20","126.72"
"203","2013-05-21","127.81"
"204","2013-05-22","128.93"
"205","2013-05-23","127.77"
"206","2013-05-24","126.89"
"207","2013-05-27","126.25"
"208","2013-05-28","126.76"
"209","2013-05-29","126.47"
"210","2013-05-30","126.72"
"211","2013-05-31","126.8"
"212","2013-06-03","126.81"
"213","2013-06-04","126.68"
"214","2013-06-05","126.68"
"215","2013-06-06","126.58"
"216","2013-06-07","126.19"
"217","2013-06-10","126.07"
"218","2013-06-11","125.24"
"219","2013-06-12","124.23"
"220","2013-06-13","122.97"
"221","2013-06-14","121.27"
"222","2013-06-17","119.63"
"223","2013-06-18","118.78"
"224","2013-06-19","119.62"
"225","2013-06-20","120.33"
"226","2013-06-21","119.64"
"227","2013-06-24","118.38"
"228","2013-06-25","117.29"
"229","2013-06-26","116.24"
"230","2013-06-27","115.33"
"231","2013-06-28","116.31"
"232","2013-07-01","115.64"
"233","2013-07-02","115.44"
"234","2013-07-03","115.48"
"235","2013-07-04","116.23"
"236","2013-07-05","117.34"
"237","2013-07-08","118.03"
"238","2013-07-09","118.18"
"239","2013-07-10","118.85"
"240","2013-07-11","119.87"
"241","2013-07-12","121.39"
"242","2013-07-15","122.51"
"243","2013-07-16","123.21"
"244","2013-07-17","124.4"
"245","2013-07-18","123.42"
"246","2013-07-19","123.7"
"247","2013-07-22","123.48"
"248","2013-07-23","122.92"
"249","2013-07-24","123.21"
"250","2013-07-25","123.22"
"251","2013-07-26","123.71"
"252","2013-07-29","123.23"
"253","2013-07-30","123.63"
"254","2013-07-31","122.86"
"255","2013-08-01","123.03"
"256","2013-08-02","123.3"
"257","2013-08-05","123.29"
"258","2013-08-06","123.35"
"259","2013-08-07","123.55"
"260","2013-08-08","124.67"
"261","2013-08-12","125.39"
"262","2013-08-13","124.82"
"263","2013-08-14","125.31"
"264","2013-08-15","125.77"
"265","2013-08-16","125.95"
"266","2013-08-19","126.21"
"267","2013-08-20","125.82"
"268","2013-08-21","124.91"
"269","2013-08-22","124.36"
"270","2013-08-23","124.47"
"271","2013-08-26","124.36"
"272","2013-08-27","122.85"
"273","2013-08-28","121.24"
"274","2013-08-29","120.39"
"275","2013-08-30","119.96"
"276","2013-09-02","119.47"
"277","2013-09-03","119.86"
"278","2013-09-04","120.69"
"279","2013-09-05","121.82"
"280","2013-09-06","122.3"
"281","2013-09-09","122.76"
"282","2013-09-10","123.12"
"283","2013-09-11","122.92"
"284","2013-09-12","122.88"
"285","2013-09-13","122.86"
"286","2013-09-16","122.38"
"287","2013-09-17","122.81"
"288","2013-09-18","123.11"
"289","2013-09-19","123.8"
"290","2013-09-20","124.66"
"291","2013-09-23","124.26"
"292","2013-09-24","124.21"
"293","2013-09-25","124.92"
"294","2013-09-26","125.5"
"295","2013-09-27","126.05"
"296","2013-09-30","127.35"
"297","2013-10-02","128.59"
"298","2013-10-03","129.2"
"299","2013-10-04","129.9"
"300","2013-10-07","131.36"
"301","2013-10-08","133.6"
"302","2013-10-09","132.82"
"303","2013-10-10","132.08"
"304","2013-10-11","131.87"
"305","2013-10-14","131.31"
"306","2013-10-15","130.9"
"307","2013-10-16","130.87"
"308","2013-10-17","130.67"
"309","2013-10-18","131.32"
"310","2013-10-22","131.03"
"311","2013-10-23","131.56"
"312","2013-10-24","131.56"
"313","2013-10-25","131.06"
"314","2013-10-28","130.73"
"315","2013-10-30","132.03"
"316","2013-10-31","133.24"
"317","2013-11-01","133.87"
"318","2013-11-04","134.27"
"319","2013-11-05","134.26"
"320","2013-11-06","134.7"
"321","2013-11-07","135.29"
"322","2013-11-08","134.71"
"323","2013-11-11","134.52"
"324","2013-11-12","134.64"
"325","2013-11-13","134.69"
"326","2013-11-14","135.11"
"327","2013-11-15","135.13"
"328","2013-11-18","135.57"
"329","2013-11-19","135.67"
"330","2013-11-20","136.26"
"331","2013-11-21","138.14"
"332","2013-11-22","138.83"
"333","2013-11-25","140.08"
"334","2013-11-26","141.08"
"335","2013-11-27","141.86"
"336","2013-11-28","142.58"
"337","2013-11-29","141.17"
"338","2013-12-02","140.84"
"339","2013-12-03","140.66"
"340","2013-12-04","139.86"
"341","2013-12-05","137.91"
"342","2013-12-06","136.7"
"343","2013-12-09","136.22"
"344","2013-12-10","134.62"
"345","2013-12-11","133.92"
"346","2013-12-16","133.53"
"347","2013-12-17","132.14"
"348","2013-12-18","132.23"
"349","2013-12-19","132.06"
"350","2013-12-20","132.17"
"351","2013-12-23","132.73"
"352","2013-12-24","135.22"
"353","2013-12-27","135.12"
"354","2013-12-30","135.83"
"355","2013-12-31","136.65"
"356","2014-01-02","136.56"
"357","2014-01-03","136.74"
"358","2014-01-06","138.5"
"359","2014-01-07","139.63"
"360","2014-01-08","140.35"
"361","2014-01-09","141.59"
"362","2014-01-10","141.5"
"363","2014-01-13","140.69"
"364","2014-01-14","140.79"
"365","2014-01-15","141.01"
"366","2014-01-16","140.35"
"367","2014-01-17","140.28"
"368","2014-01-20","141.11"
"369","2014-01-21","141.85"
"370","2014-01-22","142.73"
"371","2014-01-23","144.57"
"372","2014-01-24","144.4"
"373","2014-01-27","144.4"
"374","2014-01-28","143.36"
"375","2014-01-29","141.27"
"376","2014-01-30","139.06"
"377","2014-01-31","134.66"
"378","2014-02-03","134.58"
"379","2014-02-04","136.51"
"380","2014-02-05","136.72"
"381","2014-02-06","137.72"
"382","2014-02-07","137.35"
"383","2014-02-10","163.63"
"384","2014-02-11","138.08"
"385","2014-02-12","138.17"
"386","2014-02-13","137.71"
"387","2014-02-14","137.7"
"388","2014-02-17","136.51"
"389","2014-02-18","135.67"
"390","2014-02-19","136.37"
"391","2014-02-20","137"
"392","2014-02-21","138.44"
"393","2014-02-24","139.57"
"394","2014-02-25","140.65"
"395","2014-02-26","141.04"
"396","2014-02-27","141.11"
"397","2014-02-28","141.05"
"398","2014-03-03","140.85"
"399","2014-03-04","140.36"
"400","2014-03-05","140.12"
"401","2014-03-06","140.94"
"402","2014-03-07","140.87"
"403","2014-03-10","141.85"
"404","2014-03-11","141.88"
"405","2014-03-12","142.31"
"406","2014-03-13","144.29"
"407","2014-03-14","143.57"
"408","2014-03-17","142.94"
"409","2014-03-18","142.98"
"410","2014-03-19","143.72"
"411","2014-03-20","144.5"
"412","2014-03-21","144.5"
"413","2014-03-24","149.63"
"414","2014-03-25","144.73"
"415","2014-03-26","144.99"
"416","2014-03-27","144.55"
"417","2014-03-28","144.38"
"418","2014-03-31","143.89"
"419","2014-04-01","143.76"
"420","2014-04-02","143.77"
"421","2014-04-03","143.91"
"422","2014-04-04","143.4"
"423","2014-04-07","142.79"
"424","2014-04-08","142.87"
"425","2014-04-09","143.68"
"426","2014-04-10","144.36"
"427","2014-04-11","145.14"
"428","2014-04-14","145.41"
"429","2014-04-15","146.42"
"430","2014-04-16","147.37"
"431","2014-04-17","148.11"
"432","2014-04-22","148.22"
"433","2014-04-23","148.46"
"434","2014-04-24","149.95"
"435","2014-04-25","150.46"
"436","2014-04-28","150.45"
"437","2014-04-29","151.18"
"438","2014-04-30","151.13"
"439","2014-05-02","151.85"
"440","2014-05-05","151.6"
"441","2014-05-06","151.43"
"442","2014-05-07","151.77"
"443","2014-05-08","151.78"
"444","2014-05-09","151.95"
"445","2014-05-12","152.67"
"446","2014-05-13","152.27"
"447","2014-05-14","151.28"
"448","2014-05-15","150.73"
"449","2014-05-16","151.15"
"450","2014-05-19","150.58"
"451","2014-05-20","150.51"
"452","2014-05-21","150.31"
"453","2014-05-22","150.05"
"454","2014-05-23","149.8"
"455","2014-05-26","149.41"
"456","2014-05-27","149.24"
"457","2014-05-28","149.17"
"458","2014-05-29","149.84"
"459","2014-05-30","150.2"
"460","2014-06-03","149.12"
"461","2014-06-04","149.29"
"462","2014-06-05","149.29"
"463","2014-06-06","149.33"
"464","2014-06-09","149.61"
"465","2014-06-10","150.24"
"466","2014-06-11","150.09"
"467","2014-06-12","150.04"
"468","2014-06-13","150.6"
"469","2014-06-16","149.47"
"470","2014-06-17","148.84"
"471","2014-06-18","149.02"
"472","2014-06-19","149.41"
"473","2014-06-20","149.72"
"474","2014-06-23","150.17"
"475","2014-06-24","149.92"
"476","2014-06-25","149.66"
"477","2014-06-26","149.52"
"478","2014-06-27","149.69"
"479","2014-06-30","150.37"
"480","2014-07-01","152.11"
"481","2014-07-02","153.64"
"482","2014-07-03","152.63"
"483","2014-07-04","152.09"
"484","2014-07-07","152.02"
"485","2014-07-08","152.29"
"486","2014-07-09","152.2"
"487","2014-07-10","151.93"
"488","2014-07-11","151.12"
"489","2014-07-14","151.19"
"490","2014-07-15","151.12"
"491","2014-07-16","150.49"
"492","2014-07-17","151.03"
"493","2014-07-18","151.55"
"494","2014-07-21","151.07"
"495","2014-07-22","150.77"
"496","2014-07-23","151.53"
"497","2014-07-24","151.01"
"498","2014-07-25","150.4"
"499","2014-07-28","150.4"
"500","2014-07-30","151.57"
"501","2014-07-31","151.69"
"502","2014-08-01","153.18"
"503","2014-08-04","153.62"
"504","2014-08-05","155.39"
"505","2014-08-06","156.68"
"506","2014-08-07","155.83"
"507","2014-08-08","154.53"
"508","2014-08-11","154.41"
"509","2014-08-12","154.4"
"510","2014-08-13","154.5"
"511","2014-08-14","155.36"
"512","2014-08-15","155.39"
"513","2014-08-18","155.71"
"514","2014-08-19","156.14"
"515","2014-08-20","156.58"
"516","2014-08-21","156.58"
"517","2014-08-22","156.43"
"518","2014-08-25","156.77"
"519","2014-08-26","157.17"
"520","2014-08-27","157.32"
"521","2014-08-28","157.09"
"522","2014-08-29","157.94"
"523","2014-09-01","159.12"
"524","2014-09-02","159.82"
"525","2014-09-03","160.24"
"526","2014-09-04","159.51"
"527","2014-09-05","159.44"
"528","2014-09-08","159.78"
"529","2014-09-09","159.82"
"530","2014-09-10","159.94"
"531","2014-09-11","159.34"
"532","2014-09-12","159.43"
"533","2014-09-15","161.33"
"534","2014-09-16","159.93"
"535","2014-09-17","159.93"
"536","2014-09-18","161.1"
"537","2014-09-19","162.8"
"538","2014-09-22","165.36"
"539","2014-09-23","165.45"
"540","2014-09-24","163.69"
"541","2014-09-25","161.92"
"542","2014-09-26","162.35"
"543","2014-09-29","163.4"
"544","2014-09-30","163.45"
"545","2014-10-01","164.23"
"546","2014-10-02","163.63"
"547","2014-10-03","163.66"
"548","2014-10-06","163.49"
"549","2014-10-07","163.27"
"550","2014-10-08","162.65"
"551","2014-10-09","162.42"
"552","2014-10-10","162.54"
"553","2014-10-13","161.95"
"554","2014-10-14","161.73"
"555","2014-10-15","161.88"
"556","2014-10-16","161.59"
"557","2014-10-17","160.42"
"558","2014-10-21","159.84"
"559","2014-10-22","160.58"
"560","2014-10-23","160.82"
"561","2014-10-24","159.34"
"562","2014-10-27","159.22"
"563","2014-10-28","158.41"
"564","2014-10-29","159.36"
"565","2014-10-30","159.68"
"566","2014-10-31","159.23"
"567","2014-11-03","159.05"
"568","2014-11-04","158.59"
"569","2014-11-05","159.21"
"570","2014-11-06","159.13"
"571","2014-11-07","159.48"
"572","2014-11-10","159.4"
"573","2014-11-11","160.31"
"574","2014-11-12","162.63"
"575","2014-11-13","162.63"
"576","2014-11-14","163.7"
"577","2014-11-17","163.2"
"578","2014-11-18","162.93"
"579","2014-11-19","162.63"
"580","2014-11-20","162.07"
"581","2014-11-21","162.06"
"582","2014-11-24","161.15"
"583","2014-11-25","161.3"
"584","2014-11-26","163.02"
"585","2014-11-27","163.77"
"586","2014-11-28","163.27"
"587","2014-12-01","164.15"
"588","2014-12-02","164.29"
"589","2014-12-03","164.04"
"590","2014-12-04","165.84"
"591","2014-12-05","166.5"
"592","2014-12-08","167.54"
"593","2014-12-09","166.85"
"594","2014-12-10","165.58"
"595","2014-12-11","118.18"
"596","2014-12-15","162.76"
"597","2014-12-16","162.37"
"598","2014-12-17","160.29"
"599","2014-12-18","157.56"
"600","2014-12-19","156.19"
"601","2014-12-22","156.86"
"602","2014-12-23","159.1"
"603","2014-12-24","162.12"
"604","2014-12-29","162.12"
"605","2014-12-30","163.25"
"606","2014-12-31","162.89"
"607","2015-01-02","163.24"
"608","2015-01-05","162.17"
"609","2015-01-06","161.86"
"610","2015-01-07","161.8"
"611","2015-01-08","161.78"
"612","2015-01-09","162.08"
"613","2015-01-12","162.05"
"614","2015-01-13","164.76"
"615","2015-01-14","166.08"
"616","2015-01-15","165.47"
"617","2015-01-16","166.81"
"618","2015-01-19","165.88"
"619","2015-01-20","164"
"620","2015-01-21","164.78"
"621","2015-01-22","165.17"
"622","2015-01-23","166.68"
"623","2015-01-26","165.61"
"624","2015-01-27","165.82"
"625","2015-01-28","165.88"
"626","2015-01-29","165.23"
"627","2015-01-30","165.8"
"628","2015-02-02","166.25"
"629","2015-02-03","166.85"
"630","2015-02-04","167.94"
"631","2015-02-05","168.37"
"632","2015-02-06","168.19"
"633","2015-02-09","169.03"
"634","2015-02-10","169.32"
"635","2015-02-11","170.09"
"636","2015-02-12","171.67"
"637","2015-02-13","171.94"
"638","2015-02-16","172.45"
"639","2015-02-17","172.9"
"640","2015-02-18","174.17"
"641","2015-02-19","175.65"
"642","2015-02-20","176"
"643","2015-02-23","175.81"
"644","2015-02-24","176.82"
"645","2015-02-25","177.51"
"646","2015-02-26","175.97"
"647","2015-02-27","175.7"
"648","2015-03-02","174.7"
"649","2015-03-03","173.07"
"650","2015-03-04","172.8"
"651","2015-03-05","172.28"
"652","2015-03-06","172.51"
"653","2015-03-09","171.67"
"654","2015-03-10","172.52"
"655","2015-03-11","172.71"
"656","2015-03-12","172.42"
"657","2015-03-13","172.01"
"658","2015-03-16","171.66"
"659","2015-03-17","171.99"
"660","2015-03-18","172.63"
"661","2015-03-19","173.5"
"662","2015-03-20","172.47"
"663","2015-03-23","172.02"
"664","2015-03-24","172.57"
"665","2015-03-25","173.05"
"666","2015-03-26","173.73"
"667","2015-03-27","174.16"
"668","2015-03-30","174.83"
"669","2015-03-31","175.11"
"670","2015-04-01","175.22"
"671","2015-04-02","173.39"
"672","2015-04-07","171.15"
"673","2015-04-08","170.8"
"674","2015-04-09","170.46"
"675","2015-04-10","169.61"
"676","2015-04-13","170.31"
"677","2015-04-14","170.78"
"678","2015-04-15","171.07"
"679","2015-04-16","171.57"
"680","2015-04-17","173.2"
"681","2015-04-20","173.68"
"682","2015-04-21","172.96"
"683","2015-04-22","171.79"
"684","2015-04-23","171.58"
"685","2015-04-24","172.55"
"686","2015-04-27","171.59"
"687","2015-04-28","171.7"
"688","2015-04-29","172.35"
"689","2015-04-30","173.2"
"690","2015-05-04","173.14"
"691","2015-05-05","173.94"
"692","2015-05-06","173.49"
"693","2015-05-07","171.52"
"694","2015-05-08","171.47"
"695","2015-05-11","170.65"
"696","2015-05-12","169.46"
"697","2015-05-13","167.27"
"698","2015-05-14","167.82"
"699","2015-05-15","167.73"
"700","2015-05-18","167.48"
"701","2015-05-19","167.83"
"702","2015-05-20","167.38"
"703","2015-05-21","166.48"
"704","2015-05-22","164.92"
"705","2015-05-25","164.14"
"706","2015-05-26","162.8"
"707","2015-05-27","161.31"
"708","2015-05-28","161.46"
"709","2015-05-29","162.13"
"710","2015-06-02","164.25"
"711","2015-06-03","164.23"
"712","2015-06-04","164.22"
"713","2015-06-05","163.78"
"714","2015-06-08","162.53"
"715","2015-06-09","162.36"
"716","2015-06-10","162.65"
"717","2015-06-11","162.7"
"718","2015-06-12","162.89"
"719","2015-06-15","162.75"
"720","2015-06-16","162.88"
"721","2015-06-17","163.02"
"722","2015-06-18","162.82"
"723","2015-06-19","162.4"
"724","2015-06-22","163.34"
"725","2015-06-23","162.27"
"726","2015-06-24","162.56"
"727","2015-06-25","162.68"
"728","2015-06-26","162.51"
"729","2015-06-29","163.08"
"730","2015-06-30","164.41"
"731","2015-07-01","163.21"
"732","2015-07-02","162.35"
"733","2015-07-03","161.5"
"734","2015-07-06","161.43"
"735","2015-07-07","162"
"736","2015-07-08","160.24"
"737","2015-07-09","159.59"
"738","2015-07-10","159.44"
"739","2015-07-13","159.29"
"740","2015-07-14","158.39"
"741","2015-07-15","158.45"
"742","2015-07-16","156.59"
"743","2015-07-17","155.96"
"744","2015-07-20","156.32"
"745","2015-07-21","156.31"
"746","2015-07-22","155.7"
"747","2015-07-23","154.25"
"748","2015-07-24","153.18"
"749","2015-07-27","153.02"
"750","2015-07-28","153.1"
"751","2015-07-29","152.22"
"752","2015-07-30","150.95"
"753","2015-07-31","148.39"
"754","2015-08-03","147.04"
"755","2015-08-04","146.25"
"756","2015-08-05","145.82"
"757","2015-08-06","146.43"
"758","2015-08-07","150.45"
"759","2015-08-10","153.74"
"760","2015-08-11","154.91"
"761","2015-08-12","154.61"
"762","2015-08-13","153.38"
"763","2015-08-14","152.09"
"764","2015-08-17","152.04"
"765","2015-08-18","151.63"
"766","2015-08-19","151.01"
"767","2015-08-20","150.42"
"768","2015-08-21","149.66"
"769","2015-08-24","146.4"
"770","2015-08-25","142.8"
"771","2015-08-26","139.43"
"772","2015-08-27","137.51"
"773","2015-08-28","140.18"
"774","2015-08-31","142.8"
"775","2015-09-01","143.12"
"776","2015-09-02","142.52"
"777","2015-09-03","144.95"
"778","2015-09-04","144.04"
"779","2015-09-07","145.11"
"780","2015-09-08","145.64"
"781","2015-09-09","145.51"
"782","2015-09-10","146.19"
"783","2015-09-11","146.46"
"784","2015-09-14","147.58"
"785","2015-09-15","149.14"
"786","2015-09-16","148.68"
"787","2015-09-17","148.28"
"788","2015-09-18","147.19"
"789","2015-09-21","147.27"
"790","2015-09-22","147.29"
"791","2015-09-23","147.52"
"792","2015-09-24","148.3"
"793","2015-09-25","148.32"
"794","2015-09-28","148.1"
"795","2015-09-29","148.1"
"796","2015-09-30","146.92"
"797","2015-10-01","145.65"
"798","2015-10-02","143.16"
"799","2015-10-05","143.42"
"800","2015-10-06","142.93"
"801","2015-10-07","142.7"
"802","2015-10-08","142.4"
"803","2015-10-09","141.87"
"804","2015-10-12","140.92"
"805","2015-10-13","139.87"
"806","2015-10-14","136.33"
"807","2015-10-15","135.71"
"808","2015-10-16","136.94"
"809","2015-10-19","138.01"
"810","2015-10-21","138.96"
"811","2015-10-22","139.43"
"812","2015-10-23","139.54"
"813","2015-10-26","138.28"
"814","2015-10-27","137.86"
"815","2015-10-28","137.99"
"816","2015-10-29","138.07"
"817","2015-10-30","137.28"
"818","2015-11-02","136.93"
"819","2015-11-03","137.27"
"820","2015-11-04","136.89"
"821","2015-11-05","139.42"
"822","2015-11-06","140.18"
"823","2015-11-09","140.64"
"824","2015-11-10","141.34"
"825","2015-11-11","143.12"
"826","2015-11-12","143.79"
"827","2015-11-13","143.32"
"828","2015-11-16","143.73"
"829","2015-11-17","144.44"
"830","2015-11-18","144.71"
"831","2015-11-19","146.31"
"832","2015-11-20","147.04"
"833","2015-11-23","147.63"
"834","2015-11-24","145.96"
"835","2015-11-25","145.65"
"836","2015-11-27","142.93"
"837","2015-11-30","143.47"
"838","2015-12-01","143.48"
"839","2015-12-02","144.21"
"840","2015-12-03","143.26"
"841","2015-12-04","143.29"
"842","2015-12-07","143.61"
"843","2015-12-08","144.04"
"844","2015-12-09","144.39"
"845","2015-12-10","144.28"
"846","2015-12-11","144.72"
"847","2015-12-14","144.76"
"848","2015-12-15","144.94"
"849","2015-12-16","146.08"
"850","2015-12-17","145.31"
"851","2015-12-18","145.55"
"852","2015-12-21","145.61"
"853","2015-12-22","144.77"
"854","2015-12-23","142.85"
"855","2015-12-24","142.51"
"856","2015-12-28","142.94"
"857","2015-12-29","143.97"
"858","2015-12-30","144.37"
"859","2015-12-31","145.7"
"860","2016-01-04","145.5"
"861","2016-01-05","145.49"
"862","2016-01-06","146.81"
"863","2016-01-07","146.74"
"864","2016-01-08","145.24"
"865","2016-01-11","144.23"
"866","2016-01-12","142.91"
"867","2016-01-13","142.71"
"868","2016-01-14","141.77"
"869","2016-01-15","141.86"
"870","2016-01-18","141.1"
"871","2016-01-19","140.69"
"872","2016-01-20","138.83"
"873","2016-01-21","137.02"
"874","2016-01-22","136.47"
"875","2016-01-25","137.13"
"876","2016-01-26","136.66"
"877","2016-01-27","136.55"
"878","2016-01-28","136.92"
"879","2016-01-29","136.81"
"880","2016-02-01","138.03"
"881","2016-02-02","139.65"
"882","2016-02-03","141.95"
"883","2016-02-04","140.92"
"884","2016-02-05","141.38"
"885","2016-02-08","141.67"
"886","2016-02-09","141.64"
"887","2016-02-10","140.88"
"888","2016-02-11","140.41"
"889","2016-02-12","140.49"
"890","2016-02-15","140.31"
"891","2016-02-16","140.24"
"892","2016-02-17","139.89"
"893","2016-02-18","139.96"
"894","2016-02-19","140.69"
"895","2016-02-22","139.64"
"896","2016-02-23","140.38"
"897","2016-02-24","140.52"
"898","2016-02-25","140.9"
"899","2016-02-26","141.22"
"900","2016-02-29","142.03"
"901","2016-03-01","141.8"
"902","2016-03-02","143.71"
"903","2016-03-03","145.21"
"904","2016-03-04","146.96"
"905","2016-03-07","147.21"
"906","2016-03-08","144.76"
"907","2016-03-09","144.93"
"908","2016-03-10","144.53"
"909","2016-03-11","144.97"
"910","2016-03-14","145.26"
"911","2016-03-15","144.84"
"912","2016-03-16","145.35"
"913","2016-03-17","145.72"
"914","2016-03-18","145.68"
"915","2016-03-21","145.07"
"916","2016-03-22","146.08"
"917","2016-03-23","147.24"
"918","2016-03-24","147.56"
"919","2016-03-29","147.07"
"920","2016-03-30","146.61"
"921","2016-03-31","147.44"
"922","2016-04-01","147.03"
"923","2016-04-04","146.88"
"924","2016-04-05","146.73"
"925","2016-04-06","146.88"
"926","2016-04-07","147.44"
"927","2016-04-08","146.5"
"928","2016-04-11","145.67"
"929","2016-04-12","144.72"
"930","2016-04-13","144.78"
"931","2016-04-14","145.23"
"932","2016-04-15","146.08"
"933","2016-04-18","146.31"
"934","2016-04-19","146.43"
"935","2016-04-20","146.87"
"936","2016-04-21","147.41"
"937","2016-04-22","147.55"
"938","2016-04-25","146.25"
"939","2016-04-26","145.69"
"940","2016-04-27","145.12"
"941","2016-04-28","146.56"
"942","2016-04-29","146.93"
"943","2016-05-03","146.47"
"944","2016-05-04","145.72"
"945","2016-05-05","145.63"
"946","2016-05-06","145.61"
"947","2016-05-09","145.64"
"948","2016-05-10","145.64"
"949","2016-05-11","146.21"
"950","2016-05-12","146.44"
"951","2016-05-13","146.71"
"952","2016-05-16","146.31"
"953","2016-05-17","145.31"
"954","2016-05-18","145.74"
"955","2016-05-19","146.33"
"956","2016-05-20","146.74"
"957","2016-05-23","146.25"
"958","2016-05-24","146.45"
"959","2016-05-25","146.27"
"960","2016-05-26","145.78"
"961","2016-05-27","145.54"
"962","2016-05-30","144.43"
"963","2016-05-31","143.61"
"964","2016-06-02","143.51"
"965","2016-06-03","143.49"
"966","2016-06-06","143.84"
"967","2016-06-07","144.63"
"968","2016-06-08","145.43"
"969","2016-06-09","146.39"
"970","2016-06-10","146.97"
"971","2016-06-13","146.25"
"972","2016-06-14","145.43"
"973","2016-06-15","146.5"
"974","2016-06-16","147.3"
"975","2016-06-17","147.44"
"976","2016-06-20","147.29"
"977","2016-06-21","146.37"
"978","2016-06-22","145.16"
"979","2016-06-23","144.33"
"980","2016-06-24","141.98"
"981","2016-06-27","140.53"
"982","2016-06-28","139.64"
"983","2016-06-29","139.32"
"984","2016-06-30","140.6"
"985","2016-07-01","140.46"
"986","2016-07-04","140.07"
"987","2016-07-05","140.23"
"988","2016-07-06","141.01"
"989","2016-07-08","141.01"
"990","2016-07-11","140.19"
"991","2016-07-12","138.87"
"992","2016-07-13","139.17"
"993","2016-07-14","138.76"
"994","2016-07-15","138.3"
"995","2016-07-18","137.36"
"996","2016-07-19","137.65"
"997","2016-07-20","138.62"
"998","2016-07-21","138.82"
"999","2016-07-22","138.52"
"1000","2016-07-25","138.75"
"1001","2016-07-26","140.93"
"1002","2016-07-27","141.43"
"1003","2016-07-28","141.94"
"1004","2016-07-29","142.39"
"1005","2016-08-01","142.91"
"1006","2016-08-02","144.6"
"1007","2016-08-03","145.29"
"1008","2016-08-04","143.39"
"1009","2016-08-05","143.97"
"1010","2016-08-08","143.44"
"1011","2016-08-09","143.63"
"1012","2016-08-10","143.93"
"1013","2016-08-11","143.63"
"1014","2016-08-12","143.86"
"1015","2016-08-15","144.4"
"1016","2016-08-16","146.8"
"1017","2016-08-17","147.5"
"1018","2016-08-18","147.32"
"1019","2016-08-19","146.75"
"1020","2016-08-22","144.73"
"1021","2016-08-23","146.31"
"1022","2016-08-24","146.48"
"1023","2016-08-25","139.14"
"1024","2016-08-26","134.97"
"1025","2016-08-29","133.5"
"1026","2016-08-30","133.32"
"1027","2016-08-31","134.94"
"1028","2016-09-01","134.47"
"1029","2016-09-02","134.06"
"1030","2016-09-05","129.65"
"1031","2016-09-06","130.42"
"1032","2016-09-07","130.75"
"1033","2016-09-08","130.87"
"1034","2016-09-09","131.49"
"1035","2016-09-13","131.58"
"1036","2016-09-14","131.34"
"1037","2016-09-15","131.63"
"1038","2016-09-16","131.58"
"1039","2016-09-19","132.24"
"1040","2016-09-20","132.34"
"1041","2016-09-21","132.85"
"1042","2016-09-22","133.45"
"1043","2016-09-23","134.12"
"1044","2016-09-26","134.55"
"1045","2016-09-27","134.88"
"1046","2016-09-28","134.82"
"1047","2016-09-29","136.01"
"1048","2016-09-30","136.75"
"1049","2016-10-03","138.15"
"1050","2016-10-04","137.71"
"1051","2016-10-05","137.74"
"1052","2016-10-06","137.53"
"1053","2016-10-07","138.17"
"1054","2016-10-10","138.15"
"1055","2016-10-11","131.62"
"1056","2016-10-12","137.03"
"1057","2016-10-13","137.15"
"1058","2016-10-14","137.53"
"1059","2016-10-17","136.39"
"1060","2016-10-18","136.63"
"1061","2016-10-19","136.13"
"1062","2016-10-21","135.79"
"1063","2016-10-24","136.81"
"1064","2016-10-25","136.64"
"1065","2016-10-26","136.58"
"1066","2016-10-27","136.82"
"1067","2016-10-28","137.04"
"1068","2016-10-31","137.04"
"1069","2016-11-01","138.31"
"1070","2016-11-02","139.76"
"1071","2016-11-03","141.33"
"1072","2016-11-04","141.5"
"1073","2016-11-07","140.49"
"1074","2016-11-08","139.8"
"1075","2016-11-09","138.55"
"1076","2016-11-10","139.89"
"1077","2016-11-11","140.01"
"1078","2016-11-14","139.38"
"1079","2016-11-15","139.09"
"1080","2016-11-16","140.06"
"1081","2016-11-17","139.96"
"1082","2016-11-18","138.73"
"1083","2016-11-21","138.2"
"1084","2016-11-22","138.01"
"1085","2016-11-23","137.93"
"1086","2016-11-24","138.39"
"1087","2016-11-25","137.4"
"1088","2016-11-28","136.84"
"1089","2016-11-29","136.55"
"1090","2016-11-30","136.61"
"1091","2016-12-01","136.74"
"1092","2016-12-02","136.43"
"1093","2016-12-05","136.08"
"1094","2016-12-06","135.17"
"1095","2016-12-07","134.67"
"1096","2016-12-08","133.7"
"1097","2016-12-09","132.25"
"1098","2016-12-13","131.87"
"1099","2016-12-14","131.63"
"1100","2016-12-15","130.95"
"1101","2016-12-16","130.81"
"1102","2016-12-19","131.06"
"1103","2016-12-20","131.01"
"1104","2016-12-21","130.76"
"1105","2016-12-22","132.04"
"1106","2016-12-23","131.91"
"1107","2016-12-28","131.47"
"1108","2016-12-29","131.3"
"1109","2016-12-30","133.34"
"1110","2017-01-03","132.61"
"1111","2017-01-04","132.27"
"1112","2017-01-05","131.45"
"1113","2017-01-06","129.76"
"1114","2017-01-09","128.86"
"1115","2017-01-10","127.22"
"1116","2017-01-11","125.76"
"1117","2017-01-12","124.75"
"1118","2017-01-13","123.94"
"1119","2017-01-16","124.27"
"1120","2017-01-17","124.09"
"1121","2017-01-18","124.19"
"1122","2017-01-19","124.21"
"1123","2017-01-20","124.04"
"1124","2017-01-23","124.06"
"1125","2017-01-24","123.29"
"1126","2017-01-25","122.77"
"1127","2017-01-26","122.42"
"1128","2017-01-27","122.28"
"1129","2017-01-30","121.26"
"1130","2017-01-31","122.23"
"1131","2017-02-01","122.77"
"1132","2017-02-02","123.43"
"1133","2017-02-03","124.19"
"1134","2017-02-06","125.06"
"1135","2017-02-07","125"
"1136","2017-02-08","125.03"
"1137","2017-02-09","125.19"
"1138","2017-02-10","125.45"
"1139","2017-02-13","125.11"
"1140","2017-02-14","124.95"
"1141","2017-02-15","124.91"
"1142","2017-02-16","125.33"
"1143","2017-02-17","124.93"
"1144","2017-02-20","124.66"
"1145","2017-02-21","124.93"
"1146","2017-02-22","125.39"
"1147","2017-02-23","125.93"
"1148","2017-02-24","126.53"
"1149","2017-02-27","125.88"
"1150","2017-02-28","124.89"
"1151","2017-03-01","122.65"
"1152","2017-03-02","122.33"
"1153","2017-03-03","121.73"
"1154","2017-03-06","121.43"
"1155","2017-03-07","120.96"
"1156","2017-03-08","119.62"
"1157","2017-03-09","119.85"
"1158","2017-03-10","122.47"
"1159","2017-03-13","124.55"
"1160","2017-03-14","126.79"
"1161","2017-03-15","125.3"
"1162","2017-03-16","124.76"
"1163","2017-03-17","126.61"
"1164","2017-03-20","127.2"
"1165","2017-03-21","127.78"
"1166","2017-03-22","128.38"
"1167","2017-03-23","129.9"
"1168","2017-03-24","130.61"
"1169","2017-03-27","131.42"
"1170","2017-03-28","131.52"
"1171","2017-03-29","130.61"
"1172","2017-03-30","130.43"
"1173","2017-03-31","130.51"
"1174","2017-04-03","131.5"
"1175","2017-04-04","131.19"
"1176","2017-04-05","131.32"
"1177","2017-04-06","132.63"
"1178","2017-04-07","132.95"
"1179","2017-04-10","133.3"
"1180","2017-04-11","133.45"
"1181","2017-04-12","134.56"
"1182","2017-04-13","135.08"
"1183","2017-04-18","133.5"
"1184","2017-04-19","133.81"
"1185","2017-04-20","133.78"
"1186","2017-04-21","133.5"
"1187","2017-04-24","133.65"
"1188","2017-04-25","132.71"
"1189","2017-04-26","133.13"
"1190","2017-04-27","133.24"
"1191","2017-04-28","133.28"
"1192","2017-05-02","134"
"1193","2017-05-03","134.07"
"1194","2017-05-04","134.58"
"1195","2017-05-05","135.22"
"1196","2017-05-08","136.82"
"1197","2017-05-09","135.96"
"1198","2017-05-10","135.88"
"1199","2017-05-11","137.64"
"1200","2017-05-12","137.8"
"1201","2017-05-15","137.77"
"1202","2017-05-16","137.67"
"1203","2017-05-17","137.12"
"1204","2017-05-18","138.85"
"1205","2017-05-19","139.46"
"1206","2017-05-22","140.83"
"1207","2017-05-23","140.77"
"1208","2017-05-24","143.48"
"1209","2017-05-25","145.55"
"1210","2017-05-26","147.07"
"1211","2017-05-29","145.59"
"1212","2017-05-30","144.62"
"1213","2017-05-31","148.4"
"1214","2017-06-02","150.08"
"1215","2017-06-05","149.63"
"1216","2017-06-06","148.25"
"1217","2017-06-07","149.29"
"1218","2017-06-08","149.28"
"1219","2017-06-09","150.53"
"1220","2017-06-12","150.42"
"1221","2017-06-13","152.93"
"1222","2017-06-14","152.05"
"1223","2017-06-15","152.94"
"1224","2017-06-16","154.08"
"1225","2017-06-19","152.97"
"1226","2017-06-20","152.74"
"1227","2017-06-21","153.23"
"1228","2017-06-22","154.35"
"1229","2017-06-23","154.59"
"1230","2017-06-27","155.56"
"1231","2017-06-28","154.32"
"1232","2017-06-29","153.22"
"1233","2017-06-30","152.92"
"1234","2017-07-03","152.63"
"1235","2017-07-04","151.88"
"1236","2017-07-05","151.35"
"1237","2017-07-06","151.5"
"1238","2017-07-07","152.24"
"1239","2017-07-10","152.12"
"1240","2017-07-11","152.19"
"1241","2017-07-12","152.56"
"1242","2017-07-13","152.99"
"1243","2017-07-14","153.13"
"1244","2017-07-17","153.63"
"1245","2017-07-18","154.06"
"1246","2017-07-19","154.19"
"1247","2017-07-20","154.31"
"1248","2017-07-21","155.3"
"1249","2017-07-24","156.11"
"1250","2017-07-25","157.05"
"1251","2017-07-26","158.35"
"1252","2017-07-27","158.4"
"1253","2017-07-28","161.18"
"1254","2017-07-31","161.35"
"1255","2017-08-01","158.35"
"1256","2017-08-02","158.94"
"1257","2017-08-03","158.94"
"1258","2017-08-04","158.17"
"1259","2017-08-07","158.83"
"1260","2017-08-09","160.54"
"1261","2017-08-10","162.74"
"1262","2017-08-11","165"
"1263","2017-08-14","168.81"
"1264","2017-08-15","168.71"
"1265","2017-08-16","166.79"
"1266","2017-08-17","166.08"
"1267","2017-08-18","165.2"
"1268","2017-08-21","166.61"
"1269","2017-08-22","166.57"
"1270","2017-08-23","167.53"
"1271","2017-08-24","168.69"
"1272","2017-08-25","172.31"
"1273","2017-08-28","173.47"
"1274","2017-08-29","172.75"
"1275","2017-08-30","171.21"
"1276","2017-08-31","169.16"
"1277","2017-09-01","162.91"
"1278","2017-09-04","160.33"
"1279","2017-09-05","161.9"
"1280","2017-09-06","162.27"
"1281","2017-09-07","164"
"1282","2017-09-08","165.65"
"1283","2017-09-11","166.32"
"1284","2017-09-12","166.76"
"1285","2017-09-13","164.17"
"1286","2017-09-14","164.48"
"1287","2017-09-15","164.49"
"1288","2017-09-18","162.03"
"1289","2017-09-19","163.94"
"1290","2017-09-20","164.78"
"1291","2017-09-21","166.02"
"1292","2017-09-22","165.91"
"1293","2017-09-25","165.72"
"1294","2017-09-26","166.02"
"1295","2017-09-27","165.01"
"1296","2017-09-28","163.38"
"1297","2017-09-29","162.21"
"1298","2017-10-02","161.17"
"1299","2017-10-03","162.09"
"1300","2017-10-04","161.56"
"1301","2017-10-05","160.97"
"1302","2017-10-06","160.71"
"1303","2017-10-09","161.03"
"1304","2017-10-10","160.85"
"1305","2017-10-11","159.78"
"1306","2017-10-12","159.1"
"1307","2017-10-13","159.25"
"1308","2017-10-16","158.52"
"1309","2017-10-17","157.44"
"1310","2017-10-18","156.66"
"1311","2017-10-19","154.93"
"1312","2017-10-23","156.07"
"1313","2017-10-24","158.11"
"1314","2017-10-27","159.87"
"1315","2017-10-30","160.11"
"1316","2017-10-31","161.99"
"1317","2017-11-01","163.96"
"1318","2017-11-02","163.48"
"1319","2017-11-03","164.5"
"1320","2017-11-06","163.09"
"1321","2017-11-07","161.34"
"1322","2017-11-08","161.99"
"1323","2017-11-09","161.76"
"1324","2017-11-10","160.97"
"1325","2017-11-13","160.34"
"1326","2017-11-14","160.01"
"1327","2017-11-15","161.64"
"1328","2017-11-16","162.5"
"1329","2017-11-17","163.13"
"1330","2017-11-20","164.82"
"1331","2017-11-21","168.27"
"1332","2017-11-22","172.17"
"1333","2017-11-23","167.9"
"1334","2017-11-24","168.43"
"1335","2017-11-27","170.8"
"1336","2017-11-29","172.73"
"1337","2017-11-30","172.92"
"1338","2017-12-01","173.08"
"1339","2017-12-04","173.61"
"1340","2017-12-05","173.3"
"1341","2017-12-06","173.63"
"1342","2017-12-07","175.08"
"1343","2017-12-08","175.27"
"1344","2017-12-11","176"
"1345","2017-12-13","174.14"
"1346","2017-12-14","172.88"
"1347","2017-12-15","172.15"
"1348","2017-12-18","170.59"
"1349","2017-12-19","170.16"
"1350","2017-12-20","169.99"
"1351","2017-12-21","171.36"
"1352","2017-12-22","171.62"
"1353","2017-12-27","170"
"1354","2017-12-28","169.64"
"1355","2017-12-29","171.2"
"1356","2018-01-02","171.16"
"1357","2018-01-03","170.98"
"1358","2018-01-04","171.67"
"1359","2018-01-05","174.17"
"1360","2018-01-08","173.93"
"1361","2018-01-09","174.14"
"1362","2018-01-10","173.76"
"1363","2018-01-11","174.2"
"1364","2018-01-12","176.07"
"1365","2018-01-15","177.37"
"1366","2018-01-16","177.83"
"1367","2018-01-17","177.67"
"1368","2018-01-18","178.49"
"1369","2018-01-19","180.17"
"1370","2018-01-22","179.81"
"1371","2018-01-23","180.43"
"1372","2018-01-24","179.44"
"1373","2018-01-25","180.55"
"1374","2018-01-26","181.69"
"1375","2018-01-29","181.16"
"1376","2018-01-30","181.04"
"1377","2018-01-31","180.6"
"1378","2018-02-01","181.57"
"1379","2018-02-02","181.69"
"1380","2018-02-05","181.91"
"1381","2018-02-06","181.38"
"1382","2018-02-07","178.11"
"1383","2018-02-08","180.39"
"1384","2018-02-09","179.96"
"1385","2018-02-12","177.78"
"1386","2018-02-13","178.35"
"1387","2018-02-14","178.96"
"1388","2018-02-15","178.66"
"1389","2018-02-16","180.25"
"1390","2018-02-19","180.21"
"1391","2018-02-20","181.74"
"1392","2018-02-21","181.71"
"1393","2018-02-22","180.75"
"1394","2018-02-23","180.78"
"1395","2018-02-26","180.64"
"1396","2018-02-27","180.68"
"1397","2018-02-28","180.68"
"1398","2018-03-01","181.99"
"1399","2018-03-02","181.26"
"1400","2018-03-05","180.91"
"1401","2018-03-06","180.91"
"1402","2018-03-07","182.16"
"1403","2018-03-08","181.27"
"1404","2018-03-09","180.6"
"1405","2018-03-12","181.25"
"1406","2018-03-13","182.74"
"1407","2018-03-14","183.57"
"1408","2018-03-15","182.88"
"1409","2018-03-16","184.09"
"1410","2018-03-19","186.65"
"1411","2018-03-20","188.61"
"1412","2018-03-21","190.45"
"1413","2018-03-22","191.67"
"1414","2018-03-23","192.17"
"1415","2018-03-26","191.44"
"1416","2018-03-27","190.54"
"1417","2018-03-28","189.34"
"1418","2018-03-29","191.23"
"1419","2018-04-03","191.92"
"1420","2018-04-04","193.9"
"1421","2018-04-05","196.57"
"1422","2018-04-06","194.86"
"1423","2018-04-09","193.06"
"1424","2018-04-10","193.2"
"1425","2018-04-11","194.16"
"1426","2018-04-12","192.82"
"1427","2018-04-13","191.35"
"1428","2018-04-16","189.67"
"1429","2018-04-17","186.85"
"1430","2018-04-18","184.85"
"1431","2018-04-19","183.68"
"1432","2018-04-20","182.73"
"1433","2018-04-23","180.67"
"1434","2018-04-24","179.96"
"1435","2018-04-25","180.54"
"1436","2018-04-26","179.79"
"1437","2018-04-27","179.48"
"1438","2018-04-30","179.53"
"1439","2018-05-02","175.84"
"1440","2018-05-03","174.96"
"1441","2018-05-04","179.36"
"1442","2018-05-07","179.25"
"1443","2018-05-08","178.74"
"1444","2018-05-09","181.18"
"1445","2018-05-10","178.25"
"1446","2018-05-11","176.74"
"1447","2018-05-14","175.34"
"1448","2018-05-15","174.87"
"1449","2018-05-16","177.62"
"1450","2018-05-17","178.76"
"1451","2018-05-18","179.25"
"1452","2018-05-21","177.72"
"1453","2018-05-22","178.14"
"1454","2018-05-23","177.04"
"1455","2018-05-24","176.56"
"1456","2018-05-25","175.37"
"1457","2018-05-28","174.73"
"1458","2018-05-29","174.73"
"1459","2018-05-30","173.2"
"1460","2018-05-31","172.53"
"1461","2018-06-04","172.36"
"1462","2018-06-05","173.82"
"1463","2018-06-06","176.65"
"1464","2018-06-07","177.03"
"1465","2018-06-08","176.67"
"1466","2018-06-11","178.29"
"1467","2018-06-12","178.29"
"1468","2018-06-13","178.21"
"1469","2018-06-14","178.21"
"1470","2018-06-18","177.73"
"1471","2018-06-19","173.48"
"1472","2018-06-20","170.14"
"1473","2018-06-21","170.19"
"1474","2018-06-22","172.74"
"1475","2018-06-25","172.96"
"1476","2018-06-26","174.1"
"1477","2018-06-27","175.53"
"1478","2018-06-28","175.5"
"1479","2018-06-29","174.36"
"1480","2018-07-02","172.71"
"1481","2018-07-03","169.8"
"1482","2018-07-04","171.37"
"1483","2018-07-05","172.99"
"1484","2018-07-06","172.95"
"1485","2018-07-09","173.92"
"1486","2018-07-10","174.16"
"1487","2018-07-11","172.23"
"1488","2018-07-12","171.86"
"1489","2018-07-13","171.27"
"1490","2018-07-16","171.06"
"1491","2018-07-17","172.22"
"1492","2018-07-18","173.14"
"1493","2018-07-19","174.11"
"1494","2018-07-20","172.37"
"1495","2018-07-23","172.43"
"1496","2018-07-24","172.38"
"1497","2018-07-25","173.23"
"1498","2018-07-26","172.66"
"1499","2018-07-27","172.47"
"1500","2018-07-30","172.28"
"1501","2018-07-31","170.46"
"1502","2018-08-01","169.93"
"1503","2018-08-02","170.78"
"1504","2018-08-03","171.17"
"1505","2018-08-06","170.76"
"1506","2018-08-07","171"
"1507","2018-08-08","173.58"
"1508","2018-08-09","173.95"
"1509","2018-08-10","172.84"
"1510","2018-08-13","173.51"
"1511","2018-08-14","174.48"
"1512","2018-08-15","174.71"
"1513","2018-08-16","173.95"
"1514","2018-08-17","174.59"
"1515","2018-08-20","174.31"
"1516","2018-08-22","173.96"
"1517","2018-08-23","173.31"
"1518","2018-08-24","172.98"
"1519","2018-08-27","171.33"
"1520","2018-08-28","173.18"
"1521","2018-08-29","173.11"
"1522","2018-08-30","172.29"
"1523","2018-08-31","167.59"
"1524","2018-09-03","165.92"
"1525","2018-09-04","167.34"
"1526","2018-09-05","165.63"
"1527","2018-09-06","165.15"
"1528","2018-09-07","163.71"
"1529","2018-09-10","162.49"
"1530","2018-09-11","160.8"
"1531","2018-09-12","159.95"
"1532","2018-09-13","157.44"
"1533","2018-09-14","158.13"
"1534","2018-09-17","157.57"
"1535","2018-09-18","157.75"
"1536","2018-09-19","155.86"
"1537","2018-09-20","148.52"
"1538","2018-09-21","145.49"
"1539","2018-09-24","149.35"
"1540","2018-09-25","149.05"
"1541","2018-09-26","150.1"
"1542","2018-09-27","150.6"
"1543","2018-09-28","149.67"
"1544","2018-10-01","148.98"
"1545","2018-10-02","149.24"
"1546","2018-10-03","149.4"
"1547","2018-10-04","150.52"
"1548","2018-10-05","150.88"
"1549","2018-10-08","149.92"
"1550","2018-10-09","149.63"
"1551","2018-10-11","147.63"
"1552","2018-10-12","144.26"
"1553","2018-10-15","141.78"
"1554","2018-10-16","144.32"
"1555","2018-10-17","144.7"
"1556","2018-10-18","144.73"
"1557","2018-10-19","146.33"
"1558","2018-10-22","146.21"
"1559","2018-10-23","145.64"
"1560","2018-10-24","145.29"
"1561","2018-10-25","145.77"
"1562","2018-10-26","145.89"
"1563","2018-10-29","145.57"
"1564","2018-10-30","145.21"
"1565","2018-10-31","144.35"
"1566","2018-11-01","145.1"
"1567","2018-11-02","147.89"
"1568","2018-11-05","146.23"
"1569","2018-11-06","142.95"
"1570","2018-11-07","142.94"
"1571","2018-11-08","144.14"
"1572","2018-11-09","147.01"
"1573","2018-11-12","147.12"
"1574","2018-11-13","146.78"
"1575","2018-11-14","145.9"
"1576","2018-11-15","144.92"
"1577","2018-11-16","144.9"
"1578","2018-11-19","143.95"
"1579","2018-11-20","144.17"
"1580","2018-11-21","144.03"
"1581","2018-11-22","144.2"
"1582","2018-11-23","144.13"
"1583","2018-11-26","144.43"
"1584","2018-11-27","144.72"
"1585","2018-11-28","145.3"
"1586","2018-11-29","145.32"
"1587","2018-11-30","146.08"
"1588","2018-12-03","146.52"
"1589","2018-12-04","146.49"
"1590","2018-12-05","146.46"
"1591","2018-12-06","145.65"
"1592","2018-12-07","144.05"
"1593","2018-12-10","142.52"
"1594","2018-12-11","140.88"
"1595","2018-12-13","140.9"
"1596","2018-12-14","142.53"
"1597","2018-12-17","142.26"
"1598","2018-12-18","142.07"
"1599","2018-12-19","140.95"
"1600","2018-12-20","139.82"
"1601","2018-12-21","138.95"
"1602","2018-12-24","140.87"
"1603","2018-12-27","140.83"
"1604","2018-12-28","142"
"1605","2018-12-31","140.43"
"1606","2019-01-02","140.2"
"1607","2019-01-03","139.71"
"1608","2019-01-04","137.03"
"1609","2019-01-07","137.35"
"1610","2019-01-08","138.87"
"1611","2019-01-09","139.31"
"1612","2019-01-10","141.41"
"1613","2019-01-11","142.61"
"1614","2019-01-14","143.11"
"1615","2019-01-15","143.53"
"1616","2019-01-16","144.76"
"1617","2019-01-17","145.01"
"1618","2019-01-18","145.27"
"1619","2019-01-21","145.64"
"1620","2019-01-22","145.24"
"1621","2019-01-23","145.24"
"1622","2019-01-24","145.3"
"1623","2019-01-25","146.48"
"1624","2019-01-28","147.2"
"1625","2019-01-29","148.3"
"1626","2019-01-30","149.29"
"1627","2019-01-31","150.34"
"1628","2019-02-01","154.52"
"1629","2019-02-04","155.49"
"1630","2019-02-05","157.85"
"1631","2019-02-06","160.26"
"1632","2019-02-07","160.44"
"1633","2019-02-08","160.44"
"1634","2019-02-11","160.53"
"1635","2019-02-12","160.28"
"1636","2019-02-13","160.28"
"1637","2019-02-14","158.85"
"1638","2019-02-15","157.29"
"1639","2019-02-18","156.63"
"1640","2019-02-19","156.2"
"1641","2019-02-20","155.54"
"1642","2019-02-21","154.93"
"1643","2019-02-22","154.36"
"1644","2019-02-25","155.03"
"1645","2019-02-26","155.23"
"1646","2019-02-27","154.59"
"1647","2019-02-28","152.56"
"1648","2019-03-01","152.91"
"1649","2019-03-04","153.68"
"1650","2019-03-05","153.7"
"1651","2019-03-06","154.6"
"1652","2019-03-07","155.77"
"1653","2019-03-08","156.11"
"1654","2019-03-11","155.32"
"1655","2019-03-12","155.15"
"1656","2019-03-13","154.46"
"1657","2019-03-14","155.44"
"1658","2019-03-15","158.07"
"1659","2019-03-18","160.15"
"1660","2019-03-19","158.93"
"1661","2019-03-20","160.26"
"1662","2019-03-21","160.97"
"1663","2019-03-22","160"
"1664","2019-03-25","159.07"
"1665","2019-03-26","157.37"
"1666","2019-03-27","156.3"
"1667","2019-03-28","155.85"
"1668","2019-03-29","157.66"
"1669","2019-04-01","159.01"
"1670","2019-04-02","159.76"
"1671","2019-04-03","160.08"
"1672","2019-04-04","159.58"
"1673","2019-04-05","159.52"
"1674","2019-04-08","159.24"
"1675","2019-04-09","158.39"
"1676","2019-04-10","158.2"
"1677","2019-04-11","158.29"
"1678","2019-04-12","157.91"
"1679","2019-04-15","157.33"
"1680","2019-04-16","157.62"
"1681","2019-04-17","158.78"
"1682","2019-04-18","158.29"
"1683","2019-04-23","158.65"
"1684","2019-04-24","158.89"
"1685","2019-04-25","158.73"
"1686","2019-04-26","158.19"
"1687","2019-04-29","157.77"
"1688","2019-04-30","157.31"
"1689","2019-05-02","161"
"1690","2019-05-03","160.19"
"1691","2019-05-06","157.79"
"1692","2019-05-07","157.79"
"1693","2019-05-08","156.37"
"1694","2019-05-09","155.38"
"1695","2019-05-10","153.29"
"1696","2019-05-13","150.27"
"1697","2019-05-14","146.64"
"1698","2019-05-15","147.01"
"1699","2019-05-16","145.89"
"1700","2019-05-17","145.33"
"1701","2019-05-20","145.18"
"1702","2019-05-21","139.89"
"1703","2019-05-22","145.69"
"1704","2019-05-23","145.83"
"1705","2019-05-24","146.46"
"1706","2019-05-27","147.4"
"1707","2019-05-28","151.77"
"1708","2019-05-29","151.33"
"1709","2019-05-30","150.06"
"1710","2019-05-31","149.92"
"1711","2019-06-03","150.46"
"1712","2019-06-04","151.08"
"1713","2019-06-06","151.22"
"1714","2019-06-07","150.47"
"1715","2019-06-10","150.04"
"1716","2019-06-11","150.22"
"1717","2019-06-12","150.46"
"1718","2019-06-13","150.44"
"1719","2019-06-14","150.12"
"1720","2019-06-17","148.47"
"1721","2019-06-18","148.5"
"1722","2019-06-19","147.53"
"1723","2019-06-20","147.58"
"1724","2019-06-21","147.35"
"1725","2019-06-24","147.69"
"1726","2019-06-25","148.41"
"1727","2019-06-26","148.38"
"1728","2019-06-27","148.34"
"1729","2019-06-28","149.61"
"1730","2019-07-01","150.01"
"1731","2019-07-02","150.13"
"1732","2019-07-03","150.11"
"1733","2019-07-04","149.09"
"1734","2019-07-05","149.8"
"1735","2019-07-08","148.88"
"1736","2019-07-09","147.43"
"1737","2019-07-10","148.86"
"1738","2019-07-11","149.06"
"1739","2019-07-12","149.73"
"1740","2019-07-15","148.95"
"1741","2019-07-16","149.14"
"1742","2019-07-17","149.8"
"1743","2019-07-18","149.25"
"1744","2019-07-19","149.82"
"1745","2019-07-22","149.92"
"1746","2019-07-23","148.04"
"1747","2019-07-24","148.81"
"1748","2019-07-25","148.81"
"1749","2019-07-26","149"
"1750","2019-07-29","149.02"
"1751","2019-07-30","148.44"
"1752","2019-07-31","148.25"
"1753","2019-08-01","148.3"
"1754","2019-08-02","148.33"
"1755","2019-08-05","148.1"
"1756","2019-08-06","147.31"
"1757","2019-08-07","146.74"
"1758","2019-08-08","147.18"
"1759","2019-08-09","148.05"
"1760","2019-08-13","148.59"
"1761","2019-08-14","148.62"
"1762","2019-08-15","149.74"
"1763","2019-08-16","151.4"
"1764","2019-08-19","151.92"
"1765","2019-08-20","151.14"
"1766","2019-08-21","150.56"
"1767","2019-08-22","150.29"
"1768","2019-08-23","149.87"
"1769","2019-08-26","148.19"
"1770","2019-08-27","148.13"
"1771","2019-08-28","147.52"
"1772","2019-08-29","148.03"
"1773","2019-08-30","147.58"
"1774","2019-09-02","147"
"1775","2019-09-03","142.19"
"1776","2019-09-04","143.16"
"1777","2019-09-05","143.46"
"1778","2019-09-06","142.52"
"1779","2019-09-09","142.81"
"1780","2019-09-10","143.04"
"1781","2019-09-11","143.47"
"1782","2019-09-12","143.98"
"1783","2019-09-13","143.81"
"1784","2019-09-16","144.21"
"1785","2019-09-17","143.88"
"1786","2019-09-18","144.3"
"1787","2019-09-19","144.22"
"1788","2019-09-20","144.98"
"1789","2019-09-23","145.3"
"1790","2019-09-24","145.72"
"1791","2019-09-25","145.7"
"1792","2019-09-26","144.5"
"1793","2019-09-27","144.27"
"1794","2019-09-30","145.46"
"1795","2019-10-01","145.89"
"1796","2019-10-02","146.26"
"1797","2019-10-03","147.53"
"1798","2019-10-04","147.23"
"1799","2019-10-07","146.1"
"1800","2019-10-08","146.64"
"1801","2019-10-09","146.96"
"1802","2019-10-11","147.64"
"1803","2019-10-14","146.41"
"1804","2019-10-15","146.13"
"1805","2019-10-16","146.09"
"1806","2019-10-17","148.28"
"1807","2019-10-18","148.36"
"1808","2019-10-22","149.32"
"1809","2019-10-23","149.46"
"1810","2019-10-24","150.07"
"1811","2019-10-25","150.29"
"1812","2019-10-28","148.08"
"1813","2019-10-29","151.67"
"1814","2019-10-30","155.23"
"1815","2019-10-31","159.55"
"1816","2019-11-01","164.35"
"1817","2019-11-04","163.16"
"1818","2019-11-05","162.73"
"1819","2019-11-06","164.99"
"1820","2019-11-07","165.57"
"1821","2019-11-08","160.99"
"1822","2019-11-11","158.96"
"1823","2019-11-12","157.02"
"1824","2019-11-13","157.27"
"1825","2019-11-14","158.84"
"1826","2019-11-15","155.98"
"1827","2019-11-18","155.48"
"1828","2019-11-19","155.37"
"1829","2019-11-20","155.3"
"1830","2019-11-21","155"
"1831","2019-11-22","154.84"
"1832","2019-11-25","155.85"
"1833","2019-11-26","155.47"
"1834","2019-11-27","155.89"
"1835","2019-11-28","156.57"
"1836","2019-11-29","157.93"
"1837","2019-12-02","158.46"
"1838","2019-12-03","158.9"
"1839","2019-12-04","158.7"
"1840","2019-12-05","158.91"
"1841","2019-12-06","160.29"
"1842","2019-12-09","159.99"
"1843","2019-12-10","160.15"
"1844","2019-12-11","160.6"
"1845","2019-12-13","160.52"
"1846","2019-12-16","159.57"
"1847","2019-12-17","159.91"
"1848","2019-12-18","160.53"
"1849","2019-12-19","162.62"
"1850","2019-12-20","163.9"
"1851","2019-12-23","165.12"
"1852","2019-12-24","165.66"
"1853","2019-12-27","165.41"
"1854","2019-12-30","165.37"
"1855","2019-12-31","166.41"
"1856","2020-01-02","165.98"
"1857","2020-01-03","167.37"
"1858","2020-01-06","167"
"1859","2020-01-07","166.65"
"1860","2020-01-08","167.33"
"1861","2020-01-09","170.95"
"1862","2020-01-10","171.36"
"1863","2020-01-13","171.08"
"1864","2020-01-14","170.31"
"1865","2020-01-15","167.38"
"1866","2020-01-16","167.21"
"1867","2020-01-17","166.23"
"1868","2020-01-20","166.34"
"1869","2020-01-21","165.96"
"1870","2020-01-22","165.32"
"1871","2020-01-23","165.53"
"1872","2020-01-24","164.98"
"1873","2020-01-27","163.26"
"1874","2020-01-28","161.32"
"1875","2020-01-29","161.21"
"1876","2020-01-30","162.33"
"1877","2020-01-31","162.09"
"1878","2020-02-03","163.08"
"1879","2020-02-04","163.45"
"1880","2020-02-05","165.67"
"1881","2020-02-06","169.35"
"1882","2020-02-07","168.65"
"1883","2020-02-10","167.71"
"1884","2020-02-12","166.96"
"1885","2020-02-13","164.16"
"1886","2020-02-14","162.37"
"1887","2020-02-17","162.11"
"1888","2020-02-18","160.87"
"1889","2020-02-19","159.35"
"1890","2020-02-20","158.87"
"1891","2020-02-21","158.38"
"1892","2020-02-24","158.39"
"1893","2020-02-25","157.01"
"1894","2020-02-26","152.42"
"1895","2020-02-27","151.49"
"1896","2020-02-28","148.6"
"1897","2020-03-02","150.19"
"1898","2020-03-03","153.1"
"1899","2020-03-04","154.66"
"1900","2020-03-05","156.6"
"1901","2020-03-06","156.17"
"1902","2020-03-09","147.98"
"1903","2020-03-10","148.67"
"1904","2020-03-11","149.17"
"1905","2020-03-12","141.46"
"1906","2020-03-13","133.66"
"1907","2020-03-16","131.84"
"1908","2020-03-17","133.55"
"1909","2020-03-18","133.79"
"1910","2020-03-19","132.86"
"1911","2020-03-20","132.93"
"1912","2020-03-23","128.21"
"1913","2020-03-24","124.54"
"1914","2020-03-25","124.3"
"1915","2020-03-26","125.09"
"1916","2020-03-27","127.3"
"1917","2020-03-30","129.72"
"1918","2020-03-31","131.92"
"1919","2020-04-01","133.25"
"1920","2020-04-02","136.68"
"1921","2020-04-03","138.68"
"1922","2020-04-06","135.52"
"1923","2020-04-07","132.72"
"1924","2020-04-08","130.96"
"1925","2020-04-09","131.07"
"1926","2020-04-14","133.59"
"1927","2020-04-15","135.24"
"1928","2020-04-16","134.64"
"1929","2020-04-17","135.93"
"1930","2020-04-20","137.84"
"1931","2020-04-21","138.25"
"1932","2020-04-22","137.07"
"1933","2020-04-23","137.56"
"1934","2020-04-24","135.78"
"1935","2020-04-27","135.82"
"1936","2020-04-28","135.96"
"1937","2020-04-29","140.21"
"1938","2020-04-30","139.69"
"1939","2020-05-04","143.42"
"1940","2020-05-05","145.69"
"1941","2020-05-06","148.22"
"1942","2020-05-07","142.8"
"1943","2020-05-08","140.87"
"1944","2020-05-11","140.65"
"1945","2020-05-12","139.42"
"1946","2020-05-13","137.37"
"1947","2020-05-14","134.19"
"1948","2020-05-15","135.33"
"1949","2020-05-18","139.28"
"1950","2020-05-19","140.68"
"1951","2020-05-20","139.94"
"1952","2020-05-21","138.66"
"1953","2020-05-22","140.39"
"1954","2020-05-26","138.94"
"1955","2020-05-27","137.81"
"1956","2020-05-28","136.51"
"1957","2020-05-29","137.13"
"1958","2020-06-02","137.6"
"1959","2020-06-03","138.26"
"1960","2020-06-04","139.59"
"1961","2020-06-05","139.18"
"1962","2020-06-08","140.74"
"1963","2020-06-09","140.08"
"1964","2020-06-10","141.04"
"1965","2020-06-11","142.78"
"1966","2020-06-12","142.88"
"1967","2020-06-15","143.25"
"1968","2020-06-16","144.74"
"1969","2020-06-17","144.9"
"1970","2020-06-18","144.92"
"1971","2020-06-19","144.58"
"1972","2020-06-22","142.54"
"1973","2020-06-23","140.47"
"1974","2020-06-24","138.46"
"1975","2020-06-25","137.56"
"1976","2020-06-26","137.75"
"1977","2020-06-29","138.79"
"1978","2020-06-30","137.68"
"1979","2020-07-01","137.73"
"1980","2020-07-02","137.77"
"1981","2020-07-03","139.57"
"1982","2020-07-06","137.99"
"1983","2020-07-07","135.14"
"1984","2020-07-08","134.4"
"1985","2020-07-09","132.51"
"1986","2020-07-10","132.38"
"1987","2020-07-13","132.63"
"1988","2020-07-14","131.54"
"1989","2020-07-15","131.9"
"1990","2020-07-16","131.98"
"1991","2020-07-17","132.25"
"1992","2020-07-20","132.22"
"1993","2020-07-21","130.79"
"1994","2020-07-22","131.03"
"1995","2020-07-23","132.44"
"1996","2020-07-24","134.59"
"1997","2020-07-27","137.37"
"1998","2020-07-28","134.8"
"1999","2020-07-29","134.48"
"2000","2020-07-30","133.23"
"2001","2020-08-03","129.61"
"2002","2020-08-04","128.16"
"2003","2020-08-05","127.01"
"2004","2020-08-06","129.59"
"2005","2020-08-07","130.58"
"2006","2020-08-10","130.21"
"2007","2020-08-11","129.24"
"2008","2020-08-12","130.76"
"2009","2020-08-13","129.7"
"2010","2020-08-14","129.46"
"2011","2020-08-17","131.4"
"2012","2020-08-18","130.51"
"2013","2020-08-19","130.85"
"2014","2020-08-20","131.56"
"2015","2020-08-21","131.75"
"2016","2020-08-24","132.52"
"2017","2020-08-25","133.89"
"2018","2020-08-26","135.24"
"2019","2020-08-27","137.26"
"2020","2020-08-28","138.74"
"2021","2020-08-31","139.68"
"2022","2020-09-01","140.26"
"2023","2020-09-02","141"
"2024","2020-09-03","141.25"
"2025","2020-09-04","139.27"
"2026","2020-09-07","137.58"
"2027","2020-09-08","136.93"
"2028","2020-09-09","137.41"
"2029","2020-09-10","140.28"
"2030","2020-09-11","140.87"
"2031","2020-09-14","140.62"
"2032","2020-09-15","141.04"
"2033","2020-09-16","140.65"
"2034","2020-09-17","139.8"
"2035","2020-09-18","140.24"
"2036","2020-09-21","139.54"
"2037","2020-09-22","139.77"
"2038","2020-09-23","139.63"
"2039","2020-09-24","139.71"
"2040","2020-09-25","140.37"
"2041","2020-09-28","140.09"
"2042","2020-09-29","140"
"2043","2020-09-30","139.89"
"2044","2020-10-01","139.88"
"2045","2020-10-02","140.22"
"2046","2020-10-05","140.33"
"2047","2020-10-06","139.72"
"2048","2020-10-07","141.02"
"2049","2020-10-08","139.61"
"2050","2020-10-09","140.07"
"2051","2020-10-12","140.14"
"2052","2020-10-13","139.97"
"2053","2020-10-14","139.74"
"2054","2020-10-15","139.65"
"2055","2020-10-16","139.65"
"2056","2020-10-19","139.7"
"2057","2020-10-21","139.79"
"2058","2020-10-22","140.72"
"2059","2020-10-23","141.21"
"2060","2020-10-26","139.8"
"2061","2020-10-27","139.99"
"2062","2020-10-28","139.88"
"2063","2020-10-29","139.64"
"2064","2020-10-30","140.04"
"2065","2020-11-02","140.76"
"2066","2020-11-03","140.58"
"2067","2020-11-04","140.19"
"2068","2020-11-05","140.9"
"2069","2020-11-06","141.32"
"2070","2020-11-09","139.75"
"2071","2020-11-10","140.91"
"2072","2020-11-11","144.1"
"2073","2020-11-12","143.3"
"2074","2020-11-13","143.93"
"2075","2020-11-16","144.47"
"2076","2020-11-17","144.51"
"2077","2020-11-18","144.08"
"2078","2020-11-19","142.38"
"2079","2020-11-20","143.72"
"2080","2020-11-23","143.75"
"2081","2020-11-24","142.98"
"2082","2020-11-25","143.93"
"2083","2020-11-26","143.98"
"2084","2020-11-27","143.3"
"2085","2020-11-30","145.2"
"2086","2020-12-01","144.39"
"2087","2020-12-02","146.22"
"2088","2020-12-03","146.76"
"2089","2020-12-04","148.12"
"2090","2020-12-07","146.75"
"2091","2020-12-08","146.57"
"2092","2020-12-09","146.59"
"2093","2020-12-10","145.97"
"2094","2020-12-11","147.12"
"2095","2020-12-14","147.48"
"2096","2020-12-15","146.96"
"2097","2020-12-16","146.23"
"2098","2020-12-17","146.32"
"2099","2020-12-18","148.04"
"2100","2020-12-21","147.52"
"2101","2020-12-22","149.06"
"2102","2020-12-23","149.82"
"2103","2020-12-24","150.18"
"2104","2020-12-28","150.29"
"2105","2020-12-29","150.6"
"2106","2020-12-30","150.97"
"2107","2020-12-31","152.11"
"2108","2021-01-04","152.04"
"2109","2021-01-05","152.49"
"2110","2021-01-06","153.82"
"2111","2021-01-07","153.94"
"2112","2021-01-08","154.18"
"2113","2021-01-11","153.92"
"2114","2021-01-12","153.88"
"2115","2021-01-13","154.53"
"2116","2021-01-14","158.26"
"2117","2021-01-15","158.19"
"2118","2021-01-18","157.56"
"2119","2021-01-19","157.16"
"2120","2021-01-20","155.64"
"2121","2021-01-21","154.17"
"2122","2021-01-22","154.84"
"2123","2021-01-25","157.07"
"2124","2021-01-26","157.45"
"2125","2021-01-27","156.95"
"2126","2021-01-28","156.56"
"2127","2021-01-29","155.59"
"2128","2021-02-01","153.78"
"2129","2021-02-02","154.84"
"2130","2021-02-03","157.22"
"2131","2021-02-04","158.33"
"2132","2021-02-05","157.11"
"2133","2021-02-08","157.06"
"2134","2021-02-09","158.68"
"2135","2021-02-10","158.6"
"2136","2021-02-11","162.5"
"2137","2021-02-12","164.02"
"2138","2021-02-15","165.79"
"2139","2021-02-16","164.48"
"2140","2021-02-17","165.04"
"2141","2021-02-18","164.31"
"2142","2021-02-19","165.55"
"2143","2021-02-22","165.86"
"2144","2021-02-23","165.89"
"2145","2021-02-24","165.85"
"2146","2021-02-25","165.64"
"2147","2021-02-26","165.39"
"2148","2021-03-01","165.2"
"2149","2021-03-02","164.92"
"2150","2021-03-03","163.43"
"2151","2021-03-04","162.79"
"2152","2021-03-05","161.67"
"2153","2021-03-08","157.92"
"2154","2021-03-09","158.6"
"2155","2021-03-10","162.7"
"2156","2021-03-11","162.85"
"2157","2021-03-12","162.08"
"2158","2021-03-15","162.52"
"2159","2021-03-16","162.82"
"2160","2021-03-17","163.33"
"2161","2021-03-18","165.42"
"2162","2021-03-19","166.94"
"2163","2021-03-22","167.5"
"2164","2021-03-23","169.11"
"2165","2021-03-24","168.96"
"2166","2021-03-25","168.85"
"2167","2021-03-26","166.48"
"2168","2021-03-29","161.28"
"2169","2021-03-30","160.97"
"2170","2021-03-31","158.62"
"2171","2021-04-01","160.68"
"2172","2021-04-06","159.85"
"2173","2021-04-07","159.79"
"2174","2021-04-08","157.77"
"2175","2021-04-09","158.59"
"2176","2021-04-12","159.41"
"2177","2021-04-13","160.05"
"2178","2021-04-14","161.38"
"2179","2021-04-15","164.32"
"2180","2021-04-16","165.08"
"2181","2021-04-19","163.73"
"2182","2021-04-20","164.82"
"2183","2021-04-21","166.18"
"2184","2021-04-22","165.98"
"2185","2021-04-23","165.61"
"2186","2021-04-26","166.08"
"2187","2021-04-27","166.42"
"2188","2021-04-28","168.04"
"2189","2021-04-29","169.19"
"2190","2021-04-30","169.15"
"2191","2021-05-03","169.61"
"2192","2021-05-04","170.07"
"2193","2021-05-05","169.69"
"2194","2021-05-06","170.51"
"2195","2021-05-07","171.09"
"2196","2021-05-10","171.45"
"2197","2021-05-11","168.95"
"2198","2021-05-12","167.4"
"2199","2021-05-13","165.76"
"2200","2021-05-17","164.44"
"2201","2021-05-18","162.62"
"2202","2021-05-19","161.58"
"2203","2021-05-20","163.93"
"2204","2021-05-21","165.76"
"2205","2021-05-24","172.2"
"2206","2021-05-25","174.73"
"2207","2021-05-26","172.68"
"2208","2021-05-27","168.94"
"2209","2021-05-28","172.69"
"2210","2021-05-31","169.97"
"2211","2021-06-02","171.19"
"2212","2021-06-03","170.94"
"2213","2021-06-04","169.87"
"2214","2021-06-07","170.18"
"2215","2021-06-08","171.54"
"2216","2021-06-09","171.77"
"2217","2021-06-10","172.48"
"2218","2021-06-11","172.33"
"2219","2021-06-14","172.9"
"2220","2021-06-15","173.34"
"2221","2021-06-16","174.17"
"2222","2021-06-17","173.48"
"2223","2021-06-18","172.38"
"2224","2021-06-21","172.7"
"2225","2021-06-22","172.94"
"2226","2021-06-23","172.3"
"2227","2021-06-24","171.61"
"2228","2021-06-25","171.62"
"2229","2021-06-28","171.83"
"2230","2021-06-29","172.09"
"2231","2021-06-30","173.53"
"2232","2021-07-01","174.87"
"2233","2021-07-02","171.21"
"2234","2021-07-05","173.97"
"2235","2021-07-06","173.93"
"2236","2021-07-07","174.8"
"2237","2021-07-08","175.64"
"2238","2021-07-09","175.22"
"2239","2021-07-12","174.44"
"2240","2021-07-13","174.84"
"2241","2021-07-14","176.15"
"2242","2021-07-15","178.78"
"2243","2021-07-16","178.65"
"2244","2021-07-19","178.61"
"2245","2021-07-21","178.89"
"2246","2021-07-22","179.01"
"2247","2021-07-23","178.98"
"2248","2021-07-26","179.45"
"2249","2021-07-27","177.14"
"2250","2021-07-28","176.92"
"2251","2021-07-29","177.81"
"2252","2021-07-30","177.52"
"2253","2021-08-02","176.16"
"2254","2021-08-03","175.16"
"2255","2021-08-04","175.37"
"2256","2021-08-05","175.89"
"2257","2021-08-06","178.5"
"2258","2021-08-09","180.46"
"2259","2021-08-10","180.53"
"2260","2021-08-11","180.56"
"2261","2021-08-12","180.67"
"2262","2021-08-13","181.18"
"2263","2021-08-16","182.96"
"2264","2021-08-17","187.46"
"2265","2021-08-18","185.93"
"2266","2021-08-19","184.47"
"2267","2021-08-20","186.33"
"2268","2021-08-23","187.86"
"2269","2021-08-24","188.2"
"2270","2021-08-25","187.22"
"2271","2021-08-26","187.4"
"2272","2021-08-27","187.2"
"2273","2021-08-30","185.71"
"2274","2021-08-31","182.33"
"2275","2021-09-01","182.03"
"2276","2021-09-02","180.97"
"2277","2021-09-03","179.47"
"2278","2021-09-06","178.84"
"2279","2021-09-07","177.65"
"2280","2021-09-08","178.74"
"2281","2021-09-09","179.98"
"2282","2021-09-10","180.14"
"2283","2021-09-13","180.3"
"2284","2021-09-14","180.23"
"2285","2021-09-15","179.81"
"2286","2021-09-16","180.52"
"2287","2021-09-17","182.75"
"2288","2021-09-20","181.64"
"2289","2021-09-21","178.2"
"2290","2021-09-22","178.2"
"2291","2021-09-23","178.33"
"2292","2021-09-24","177.81"
"2293","2021-09-27","178.07"
"2294","2021-09-28","177.2"
"2295","2021-09-29","177.04"
"2296","2021-09-30","178.31"
"2297","2021-10-01","181.23"
"2298","2021-10-04","181.92"
"2299","2021-10-05","179.69"
"2300","2021-10-06","179.49"
"2301","2021-10-07","177.7"
"2302","2021-10-08","175.82"
"2303","2021-10-12","176.09"
"2304","2021-10-13","176.17"
"2305","2021-10-14","177.1"
"2306","2021-10-15","178.86"
"2307","2021-10-18","178.36"
"2308","2021-10-19","176.35"
"2309","2021-10-21","177.39"
"2310","2021-10-22","178.54"
"2311","2021-10-25","176.59"
"2312","2021-10-26","175.77"
"2313","2021-10-27","175.82"
"2314","2021-10-28","177.85"
"2315","2021-10-29","177.96"
"2316","2021-11-01","175.83"
"2317","2021-11-02","174.85"
"2318","2021-11-03","175.04"
"2319","2021-11-04","173.4"
"2320","2021-11-05","170.94"
"2321","2021-11-08","170.41"
"2322","2021-11-09","171.03"
"2323","2021-11-10","172.48"
"2324","2021-11-11","172.42"
"2325","2021-11-12","171.47"
"2326","2021-11-15","170.83"
"2327","2021-11-16","170.54"
"2328","2021-11-17","169.7"
"2329","2021-11-18","169.5"
"2330","2021-11-19","168.43"
"2331","2021-11-22","164.81"
"2332","2021-11-23","163.78"
"2333","2021-11-24","161.84"
"2334","2021-11-25","162.14"
"2335","2021-11-26","164.77"
"2336","2021-11-29","164.77"
"2337","2021-11-30","163.9"
"2338","2021-12-01","163.2"
"2339","2021-12-02","162.24"
"2340","2021-12-03","160.03"
"2341","2021-12-06","159.06"
"2342","2021-12-07","157.53"
"2343","2021-12-08","158.96"
"2344","2021-12-09","160.03"
"2345","2021-12-10","162.77"
"2346","2021-12-14","163.11"
"2347","2021-12-15","163.13"
"2348","2021-12-16","163.31"
"2349","2021-12-17","163.64"
"2350","2021-12-20","164.09"
"2351","2021-12-21","164.92"
"2352","2021-12-22","166.79"
"2353","2021-12-23","170.12"
"2354","2021-12-24","170.57"
"2355","2021-12-28","169.1"
"2356","2021-12-29","167.88"
"2357","2021-12-30","165.27"
"2358","2021-12-31","166.46"
"2359","2022-01-03","167.1"
"2360","2022-01-04","169.24"
"2361","2022-01-05","170.67"
"2362","2022-01-06","171.8"
"2363","2022-01-07","171.74"
"2364","2022-01-10","168.1"
"2365","2022-01-11","167.58"
"2366","2022-01-12","165.84"
"2367","2022-01-13","164.86"
"2368","2022-01-14","165.09"
"2369","2022-01-17","164.48"
"2370","2022-01-18","164.3"
"2371","2022-01-19","163.07"
"2372","2022-01-20","164.58"
"2373","2022-01-21","164.66"
"2374","2022-01-24","164.13"
"2375","2022-01-25","161.95"
"2376","2022-01-26","160.34"
"2377","2022-01-27","160.02"
"2378","2022-01-28","161.04"
"2379","2022-01-31","163.29"
"2380","2022-02-01","165.25"
"2381","2022-02-02","165.93"
"2382","2022-02-03","166.62"
"2383","2022-02-04","167.02"
"2384","2022-02-07","166.84"
"2385","2022-02-08","168.83"
"2386","2022-02-09","167.48"
"2387","2022-02-10","168.62"
"2388","2022-02-11","167.94"
"2389","2022-02-14","167.14"
"2390","2022-02-15","165.03"
"2391","2022-02-16","165.95"
"2392","2022-02-17","166.62"
"2393","2022-02-18","166.97"
"2394","2022-02-21","167.04"
"2395","2022-02-22","166.63"
"2396","2022-02-23","163.46"
"2397","2022-02-24","157.54"
"2398","2022-02-25","160.03"
"2399","2022-02-28","160.25"
"2400","2022-03-01","160.53"
"2401","2022-03-02","162.48"
"2402","2022-03-03","164.36"
"2403","2022-03-04","164.64"
"2404","2022-03-07","162.37"
"2405","2022-03-08","160.44"
"2406","2022-03-09","157.92"
"2407","2022-03-10","157.85"
"2408","2022-03-11","159.05"
"2409","2022-03-14","159.21"
"2410","2022-03-15","159.48"
"2411","2022-03-16","159.18"
"2412","2022-03-17","157.68"
"2413","2022-03-18","156.89"
"2414","2022-03-21","159.09"
"2415","2022-03-22","160.86"
"2416","2022-03-23","160.11"
"2417","2022-03-24","159.36"
"2418","2022-03-25","160.43"
"2419","2022-03-28","159"
"2420","2022-03-29","158.98"
"2421","2022-03-30","157.93"
"2422","2022-03-31","155.74"
"2423","2022-04-01","156.08"
"2424","2022-04-04","158.24"
"2425","2022-04-05","158.61"
"2426","2022-04-06","157.73"
"2427","2022-04-07","157.42"
"2428","2022-04-08","157.28"
"2429","2022-04-11","154.99"
"2430","2022-04-12","156.5"
"2431","2022-04-13","158.52"
"2432","2022-04-14","158.22"
"2433","2022-04-19","157.23"
"2434","2022-04-20","157.29"
"2435","2022-04-21","156.69"
"2436","2022-04-22","154.85"
"2437","2022-04-25","153.98"
"2438","2022-04-26","152.35"
"2439","2022-04-27","151.23"
"2440","2022-04-28","150.17"
"2441","2022-05-04","149.3"
"2442","2022-05-05","147.58"
"2443","2022-05-06","144.73"
"2444","2022-05-09","144.98"
"2445","2022-05-10","144.6"
"2446","2022-05-11","145.18"
"2447","2022-05-12","143.6"
"2448","2022-05-13","139.65"
"2449","2022-05-16","139.97"
"2450","2022-05-17","140.35"
"2451","2022-05-18","137.26"
"2452","2022-05-19","133.44"
"2453","2022-05-20","132.52"
"2454","2022-05-23","129.06"
"2455","2022-05-24","128.34"
"2456","2022-05-25","129.02"
"2457","2022-05-26","130.18"
"2458","2022-05-27","129.84"
"2459","2022-05-30","129.68"
"2460","2022-05-31","128.75"
"2461","2022-06-02","128.66"
"2462","2022-06-03","129.41"
"2463","2022-06-06","129.74"
"2464","2022-06-07","129.88"
"2465","2022-06-08","130.02"
"2466","2022-06-09","129.88"
"2467","2022-06-10","129.89"
"2468","2022-06-13","129"
"2469","2022-06-14","128.23"
"2470","2022-06-15","126.15"
"2471","2022-06-16","123.98"
"2472","2022-06-17","121.81"
"2473","2022-06-20","121.6"
"2474","2022-06-21","120.41"
"2475","2022-06-22","118.62"
"2476","2022-06-23","118.3"
"2477","2022-06-24","117.21"
"2478","2022-06-27","116.88"
"2479","2022-06-28","117.9"
"2480","2022-06-29","122.83"
"2481","2022-06-30","124.47"
"2482","2022-07-01","124.94"
"2483","2022-07-04","129.18"
"2484","2022-07-05","132.19"
"2485","2022-07-06","133.01"
"2486","2022-07-07","134.05"
"2487","2022-07-08","135.39"
"2488","2022-07-12","138.45"
"2489","2022-07-13","139.36"
"2490","2022-07-14","144.58"
"2491","2022-07-15","142.33"
"2492","2022-07-18","138.52"
"2493","2022-07-19","135.38"
"2494","2022-07-20","133.83"
"2495","2022-07-21","135.07"
"2496","2022-07-22","136.57"
"2497","2022-07-25","138.08"
"2498","2022-07-26","136.58"
